id,__latitude,__longitude,Sequence Cluster,Sequence Cluster__colour,Sequence Type,Serotype,Benzylpenicillin MIC (ug/mL),Ceftriaxone MIC (ug/mL),Trimethoprim MIC (ug/mL),Erythromycin MIC (ug/mL),Tetracycline MIC (ug/mL),Chloramphenicol MIC (ug/mL),Year of Isolation,Year of Isolation__shape,Community of Isolation,Host Age (months),Sequence Reads Accession,Genome Annotation Accession,Sample,erythromycin,mefE,ermB,mel
1334,42.4072107,-71.3824374,1,#8F4A4A,585,10A,<0.03,<0.03,0.25/4,<0.03,0.25,,2001,circle,A,Jun-24,ERR069731,CNST02000001-CNST02000153,CNST01000000,0,0,0,0
279388,42.4072107,-71.3824374,1,#8F4A4A,97,10A,<0.03,<0.03,0.12/2,<0.03,,,2001,circle,B,Jun-24,ERR069809,CNUR02000001-CNUR02000219,CNUR01000000,0,0,0,0
5Z52R,42.4072107,-71.3824374,1,#8F4A4A,816,10A,0.023,0.023,0.125,0.064,,,2007,triangle,C,Jun-24,ERR129088,COCE02000001-COCE02000187,COCE01000000,0,0,0,0
N5O68,42.4072107,-71.3824374,1,#8F4A4A,3290,10A,0.023,0.023,0.094,0.094,,,2007,triangle,D,24-36,ERR129126,CFKD02000001-CFKD02000152,CFKD01000000,0,0,0,0
RUJ90,42.4072107,-71.3824374,1,#8F4A4A,816,10A,0.023,0.023,0.19,0.047,,,2007,triangle,D,24-36,ERR129158,COEA02000001-COEA02000141,COEA01000000,0,0,0,0
29ORI,42.4072107,-71.3824374,1,#8F4A4A,816,10A,0.032,0.032,0.125,0.064,,,2007,triangle,E,Jun-24,ERR129164,COEG02000001-COEG02000169,COEG01000000,0,0,0,0
RN3X8,42.4072107,-71.3824374,1,#8F4A4A,816,10A,0.023,0.032,0.25,0.094,,,2007,triangle,F,36-84,ERR129199,COFG02000001-COFG02000132,COFG01000000,0,0,0,0
PKMM4,42.4072107,-71.3824374,1,#8F4A4A,97,10A,0.016,0.016,0.19,0.094,,,2007,triangle,F,Jun-24,ERR129201,CFRQ02000001-CFRQ02000122,CFRQ01000000,0,0,0,0
N6I98,42.4072107,-71.3824374,1,#8F4A4A,97,10A,0.023,0.023,0.125,0.094,,,2007,triangle,G,Jun-24,ERR124256,CNYN02000001-CNYN02000247,CNYN01000000,0,0,0,0
G2Z0B,42.4072107,-71.3824374,1,#8F4A4A,461,10A,0.023,0.032,0.125,0.094,,,2007,triangle,H,24-36,ERR124285,CNZL02000001-CNZL02000178,CNZL01000000,0,0,0,0
R34-3021,42.4072107,-71.3824374,1,#8F4A4A,585,10A,<=0.03,<=0.25,<=0.25,<=0.06,<=0.50,2,2004,square,I,36-84,ERR065347,CNPI02000001-CNPI02000197,CNPI01000000,0,0,0,0
R34-3024,42.4072107,-71.3824374,1,#8F4A4A,585,10A,<=0.03,<=0.25,<=0.25,<=0.06,<=0.50,2,2004,square,I,36-84,ERR065350,CNPE02000001-CNPE02000138,CNPE01000000,0,0,0,0
R34-3111,42.4072107,-71.3824374,1,#8F4A4A,816,10A,0.12,<=0.25,<=0.25,<=0.06,<=0.50,<=1.00,2004,square,G,24-36,ERR068012,CNWY02000001-CNWY02000163,CNWY01000000,0,0,0,0
R34-3157,42.4072107,-71.3824374,1,#8F4A4A,97,10A,<=0.03,<=0.25,<=0.25,<=0.06,<=0.50,2,2004,square,B,36-84,ERR068048,CNXN02000001-CNXN02000214,CNXN01000000,0,0,0,0
R34-3182,42.4072107,-71.3824374,1,#8F4A4A,816,10A,<=0.03,<=0.25,<=0.25,<=0.06,<=0.50,<=1.00,2004,square,B,Jun-24,ERR067981,CFID02000001-CFID02000204,CFID01000000,0,0,0,0
R34-3184,42.4072107,-71.3824374,1,#8F4A4A,816,10A,<=0.03,<=0.25,<=0.25,<=0.06,<=0.50,2,2004,square,B,Jun-24,ERR069683,CNQQ02000001-CNQQ02000274,CNQQ01000000,0,0,0,0
127530,42.4072107,-71.3824374,1,#8F4A4A,1953,35F,0.06,0.06,0.12/2,<0.03,2,,2001,circle,B,Jun-24,ERR069768,CNTH02000001-CNTH02000239,CNTH01000000,0,0,0,0
473937,42.4072107,-71.3824374,1,#8F4A4A,498,35F,<0.03,<0.03,0.12/2,<0.03,0.12,,2001,circle,A,24-36,ERR065968,CNPR02000001-CNPR02000272,CNPR01000000,0,0,0,0
7C7G1,42.4072107,-71.3824374,1,#8F4A4A,498,35F,0.016,0.023,0.19,0.064,,,2007,triangle,J,24-36,ERR129051,COAX02000001-COAX02000151,COAX01000000,0,0,0,0
0CNYC,42.4072107,-71.3824374,1,#8F4A4A,498,35F,0.016,0.016,0.064,0.047,,,2007,triangle,J,36-84,ERR129058,CFLT02000001-CFLT02000144,CFLT01000000,0,0,0,0
NIPQY,42.4072107,-71.3824374,1,#8F4A4A,498,35F,0.016,0.023,0.19,0.094,,,2007,triangle,C,Jun-24,ERR129090,COCF02000001-COCF02000219,COCF01000000,0,0,0,0
Q7F26,42.4072107,-71.3824374,1,#8F4A4A,498,35F,0.016,0.023,0.125,0.064,,,2007,triangle,I,Jun-24,ERR129113,COCX02000001-COCX02000129,COCX01000000,0,0,0,0
4D0HZ,42.4072107,-71.3824374,1,#8F4A4A,498,35F,0.023,0.023,0.125,0.094,,,2007,triangle,D,24-36,ERR129132,CODD02000001-CODD02000167,CODD01000000,0,0,0,0
4HUA7,42.4072107,-71.3824374,1,#8F4A4A,498,35F,0.016,0.023,0.125,0.064,,,2007,triangle,F,Jun-24,ERR124237,CNYH02000001-CNYH02000190,CNYH01000000,0,0,0,0
BL0SN,42.4072107,-71.3824374,1,#8F4A4A,498,35F,0.016,0.016,0.094,0.032,,,2007,triangle,G,Jun-24,ERR124265,CHWY02000001-CHWY02000343,CHWY01000000,0,0,0,0
B50V6,42.4072107,-71.3824374,1,#8F4A4A,498,35F,0.023,0.023,0.125,0.094,,,2007,triangle,H,Jun-24,ERR124282,CHWZ02000001-CHWZ02000173,CHWZ01000000,0,0,0,0
UVVWA,42.4072107,-71.3824374,1,#8F4A4A,498,35F,0.023,0.023,0.19,0.064,,,2007,triangle,H,<6,ERR124304,CNZX02000001-CNZX02000184,CNZX01000000,0,0,0,0
R34-3112,42.4072107,-71.3824374,1,#8F4A4A,498,35F,<=0.03,<=0.25,<=0.25,<=0.06,<=0.50,2,2004,square,G,Jun-24,ERR068013,CHBO02000001-CHBO02000188,CHBO01000000,0,0,0,0
R34-3118,42.4072107,-71.3824374,1,#8F4A4A,498,35F,<=0.03,<=0.25,<=0.25,<=0.06,<=0.50,2,2004,square,K,36-84,ERR068018,CNWV02000001-CNWV02000141,CNWV01000000,0,0,0,0
R34-3120,42.4072107,-71.3824374,1,#8F4A4A,498,35F,<=0.03,<=0.25,<=0.25,<=0.06,<=0.50,2,2004,square,L,Jun-24,ERR068020,CNWL02000001-CNWL02000156,CNWL01000000,0,0,0,0
R34-3178,42.4072107,-71.3824374,1,#8F4A4A,498,35F,<=0.03,<=0.25,<=0.25,<=0.06,<=0.50,<=1.00,2004,square,F,Jun-24,ERR067977,CNQJ02000001-CNQJ02000235,CNQJ01000000,0,0,0,0
R34-3191,42.4072107,-71.3824374,1,#8F4A4A,498,35F,<=0.03,<=0.25,<=0.25,<=0.06,<=0.50,2,2004,square,C,Jun-24,ERR069690,CNRL02000001-CNRL02000228,CNRL01000000,0,0,0,0
R34-3213,42.4072107,-71.3824374,1,#8F4A4A,498,35F,0.06,<=0.25,<=0.25,<=0.06,<=0.50,2,2004,square,B,36-84,ERR069712,CNSB02000001-CNSB02000158,CNSB01000000,0,0,0,0
R34-3216,42.4072107,-71.3824374,1,#8F4A4A,498,35F,0.06,<=0.25,<=0.25,<=0.06,<=0.50,2,2004,square,G,Jun-24,ERR069715,CNRO02000001-CNRO02000152,CNRO01000000,0,0,0,0
1996,42.4072107,-71.3824374,1,#8F4A4A,1360,6A,<0.03,<0.03,0.25/4,<0.03,0.25,,2001,circle,L,Jun-24,ERR069732,CNSW02000001-CNSW02000164,CNSW01000000,0,0,0,0
42397,42.4072107,-71.3824374,1,#8F4A4A,460,6A,0.06,0.06,>4/76,>1,0.12,,2001,circle,J,24-36,ERR069740,CGDZ02000001-CGDZ02000162,CGDZ01000000,1,1,0,1
89848,42.4072107,-71.3824374,1,#8F4A4A,460,6A,0.06,0.06,>4/76,<0.03,0.25,,2001,circle,M,Jun-24,ERR069755,CNTP02000001-CNTP02000211,CNTP01000000,0,0,0,0
118039,42.4072107,-71.3824374,1,#8F4A4A,460,6A,0.06,0.06,>4/76,<0.03,0.25,,2001,circle,K,36-84,ERR069765,CNTJ02000001-CNTJ02000174,CNTJ01000000,0,0,0,0
135631,42.4072107,-71.3824374,1,#8F4A4A,460,6A,0.06,<0.03,>4/76,<0.03,0.25,,2001,circle,J,24-36,ERR069770,CNTG02000001-CNTG02000149,CNTG01000000,0,0,0,0
299801,42.4072107,-71.3824374,1,#8F4A4A,460,6A,0.06,0.06,>4/76,<0.03,0.12,,2001,circle,E,<6,ERR069812,CNUU02000001-CNUU02000137,CNUU01000000,0,0,0,0
336850,42.4072107,-71.3824374,1,#8F4A4A,460,6A,<0.03,0.06,>4/76,<0.03,0.25,,2001,circle,F,36-84,ERR069823,CIDR02000001-CIDR02000147,CIDR01000000,0,0,0,0
383739,42.4072107,-71.3824374,1,#8F4A4A,460,6A,<0.03,<0.03,>4/76,<0.03,0.12,,2001,circle,L,Jun-24,ERR069835,CNVJ02000001-CNVJ02000145,CNVJ01000000,0,0,0,0
446376,42.4072107,-71.3824374,1,#8F4A4A,460,6A,0.06,0.06,>4/76,<0.03,0.25,,2001,circle,J,36-84,ERR065962,CFLN02000001-CFLN02000324,CFLN01000000,0,0,0,0
472699,42.4072107,-71.3824374,1,#8F4A4A,460,6A,0.06,0.06,>4/76,<0.03,0.25,,2001,circle,N,36-84,ERR065967,CNPJ02000001-CNPJ02000188,CNPJ01000000,0,0,0,0
CV6JA,42.4072107,-71.3824374,1,#8F4A4A,460,6A,0.064,0.094,>32,0.094,,,2007,triangle,F,Jun-24,ERR124231,CHIS02000001-CHIS02000152,CHIS01000000,0,0,0,0
R34-3018,42.4072107,-71.3824374,1,#8F4A4A,460,6A,0.06,<=0.25,>2.00,>0.50,<=0.50,2,2004,square,I,Jun-24,ERR065344,CNPA02000001-CNPA02000199,CNPA01000000,1,0,0,0
R34-3035,42.4072107,-71.3824374,1,#8F4A4A,460,6A,<=0.03,<=0.25,>2.00,<=0.06,<=0.50,2,2004,square,C,36-84,ERR065292,CNNG02000001-CNNG02000193,CNNG01000000,0,0,0,0
R34-3075,42.4072107,-71.3824374,1,#8F4A4A,460,6A,<=0.03,<=0.25,<=0.25,<=0.06,<=0.50,2,2004,square,F,Jun-24,ERR065330,CNOT02000001-CNOT02000144,CNOT01000000,0,0,0,0
R34-3166,42.4072107,-71.3824374,1,#8F4A4A,460,6A,<=0.03,<=0.25,<=0.25,<=0.06,<=0.50,2,2004,square,B,36-84,ERR067964,CNQX02000001-CNQX02000142,CNQX01000000,0,0,0,0
R34-3220,42.4072107,-71.3824374,1,#8F4A4A,460,6A,0.12,<=0.25,>2.00,<=0.06,<=0.50,2,2004,square,I,24-36,ERR069719,CNRU02000001-CNRU02000142,CNRU01000000,0,0,0,0
R34-3222,42.4072107,-71.3824374,1,#8F4A4A,460,6A,0.12,<=0.25,>2.00,<=0.06,<=0.50,2,2004,square,I,36-84,ERR069721,CFQO02000001-CFQO02000146,CFQO01000000,0,0,0,0
102720,42.4072107,-71.3824374,2,#FF0000,62,11A,0.06,<0.03,0.25/4,<0.03,0.25,,2001,circle,L,36-84,ERR069760,CNTQ02000001-CNTQ02000113,CNTQ01000000,0,0,0,0
242588,42.4072107,-71.3824374,2,#FF0000,62,11A,<0.03,<0.03,0.12/2,<0.03,<0.06,,2001,circle,I,Jun-24,ERR069801,CNUT02000001-CNUT02000118,CNUT01000000,0,0,0,0
263137,42.4072107,-71.3824374,2,#FF0000,62,11A,<0.03,<0.03,0.25/4,<0.03,0.25,,2001,circle,C,36-84,ERR069804,CNVC02000001-CNVC02000109,CNVC01000000,0,0,0,0
335574,42.4072107,-71.3824374,2,#FF0000,62,11A,<0.03,<0.03,0.25/4,<0.03,0.25,,2001,circle,K,24-36,ERR069822,CNVD02000001-CNVD02000108,CNVD01000000,0,0,0,0
386329,42.4072107,-71.3824374,2,#FF0000,1913,11A,<0.03,<0.03,0.25/4,<0.03,0.25,,2001,circle,L,24-36,ERR069837,CNVM02000001-CNVM02000123,CNVM01000000,0,0,0,0
389109,42.4072107,-71.3824374,2,#FF0000,62,11A,0.06,<0.03,Feb-38,<0.03,0.25,,2001,circle,O,36-84,ERR069839,CNVL02000001-CNVL02000162,CNVL01000000,0,0,0,0
459747,42.4072107,-71.3824374,2,#FF0000,62,11A,<0.03,<0.03,0.5/9.,0.06,0.25,,2001,circle,J,24-36,ERR065964,CNPH02000001-CNPH02000161,CNPH01000000,0,0,0,0
FP9DM,42.4072107,-71.3824374,2,#FF0000,62,11A,0.023,0.023,0.19,0.047,,,2007,triangle,J,36-84,ERR129037,COAM02000001-COAM02000109,COAM01000000,0,0,0,0
E4NSI,42.4072107,-71.3824374,2,#FF0000,62,11A,0.016,0.016,0.125,0.047,,,2007,triangle,J,Jun-24,ERR129068,COBM02000001-COBM02000109,COBM01000000,0,0,0,0
DFS2Q,42.4072107,-71.3824374,2,#FF0000,62,11A,0.023,0.023,0.19,0.032,,,2007,triangle,C,36-84,ERR129079,COBY02000001-COBY02000151,COBY01000000,0,0,0,0
K9N0O,42.4072107,-71.3824374,2,#FF0000,3276,11A,0.023,0.023,0.19,0.032,,,2007,triangle,C,24-36,ERR129080,COCA02000001-COCA02000155,COCA01000000,0,0,0,0
HWJVH,42.4072107,-71.3824374,2,#FF0000,62,11A,0.023,0.032,0.38,0.064,,,2007,triangle,C,<6,ERR129093,CFKA02000001-CFKA02000119,CFKA01000000,0,0,0,0
R52DJ,42.4072107,-71.3824374,2,#FF0000,62,11A,0.023,0.023,0.38,0.094,,,2007,triangle,D,Jun-24,ERR129127,CFLV02000001-CFLV02000116,CFLV01000000,0,0,0,0
6ZCAZ,42.4072107,-71.3824374,2,#FF0000,62,11A,0.023,0.023,0.19,0.064,,,2007,triangle,D,36-84,ERR129131,CODG02000001-CODG02000110,CODG01000000,0,0,0,0
H3Q9M,42.4072107,-71.3824374,2,#FF0000,62,11A,0.032,0.023,0.25,6,,,2007,triangle,D,Jun-24,ERR129137,CHBV02000001-CHBV02000106,CHBV01000000,1,1,0,1
J1LX6,42.4072107,-71.3824374,2,#FF0000,62,11A,0.032,0.023,0.25,0.094,,,2007,triangle,D,24-36,ERR129139,CFRE02000001-CFRE02000118,CFRE01000000,0,0,0,0
F1G5R,42.4072107,-71.3824374,2,#FF0000,62,11A,0.023,0.023,0.25,0.064,,,2007,triangle,D,36-84,ERR129154,CODX02000001-CODX02000093,CODX01000000,0,0,0,0
F1ODP,42.4072107,-71.3824374,2,#FF0000,62,11A,0.023,0.023,0.19,0.032,,,2007,triangle,D,36-84,ERR129159,COEB02000001-COEB02000099,COEB01000000,0,0,0,0
9ABKR,42.4072107,-71.3824374,2,#FF0000,62,11A,0.023,0.023,0.19,0.032,,,2007,triangle,E,24-36,ERR129177,COEO02000001-COEO02000107,COEO01000000,0,0,0,0
8AH8E,42.4072107,-71.3824374,2,#FF0000,62,11A,0.016,0.016,0.19,0.032,,,2007,triangle,E,Jun-24,ERR129178,COES02000001-COES02000109,COES01000000,0,0,0,0
5J97G,42.4072107,-71.3824374,2,#FF0000,62,11A,0.023,0.032,0.25,0.064,,,2007,triangle,F,Jun-24,ERR129210,COFS02000001-COFS02000108,COFS01000000,0,0,0,0
3YFA4,42.4072107,-71.3824374,2,#FF0000,62,11A,0.023,0.023,0.38,0.064,,,2007,triangle,F,36-84,ERR129211,COFT02000001-COFT02000125,COFT01000000,0,0,0,0
KYDZM,42.4072107,-71.3824374,2,#FF0000,62,11A,0.023,0.023,0.19,0.023,,,2007,triangle,F,<6,ERR129214,COFW02000001-COFW02000112,COFW01000000,0,0,0,0
QHXZZ,42.4072107,-71.3824374,2,#FF0000,62,11A,0.016,0.016,0.125,0.047,,,2007,triangle,F,24-36,ERR129215,COFV02000001-COFV02000120,COFV01000000,0,0,0,0
8G3XE,42.4072107,-71.3824374,2,#FF0000,62,11A,0.023,0.023,0.19,0.064,,,2007,triangle,F,24-36,ERR124240,CNYB02000001-CNYB02000193,CNYB01000000,0,0,0,0
T14BF,42.4072107,-71.3824374,2,#FF0000,62,11A,0.023,0.023,0.19,0.064,,,2007,triangle,F,Jun-24,ERR124242,CNYC02000001-CNYC02000112,CNYC01000000,0,0,0,0
F7IXH,42.4072107,-71.3824374,2,#FF0000,62,11A,0.023,0.016,0.19,0.064,,,2007,triangle,G,Jun-24,ERR124246,CNYK02000001-CNYK02000108,CNYK01000000,0,0,0,0
RAV85,42.4072107,-71.3824374,2,#FF0000,62,11A,0.023,0.023,0.19,0.064,,,2007,triangle,G,36-84,ERR124268,CFJT02000001-CFJT02000116,CFJT01000000,0,0,0,0
RQ6NH,42.4072107,-71.3824374,2,#FF0000,62,11A,0.032,0.032,0.19,0.032,,,2007,triangle,H,Jun-24,ERR124291,CNZP02000001-CNZP02000109,CNZP01000000,0,0,0,0
6CO3C,42.4072107,-71.3824374,2,#FF0000,62,11A,0.023,0.023,0.125,0.047,,,2007,triangle,H,Jun-24,ERR124296,CNZR02000001-CNZR02000140,CNZR01000000,0,0,0,0
XCJ97,42.4072107,-71.3824374,2,#FF0000,62,11A,0.016,0.023,0.25,0.094,,,2007,triangle,H,Jun-24,ERR124298,CNZQ02000001-CNZQ02000219,CNZQ01000000,0,0,0,0
28I7H,42.4072107,-71.3824374,2,#FF0000,62,11A,0.023,0.023,0.19,0.047,,,2007,triangle,H,Jun-24,ERR124302,CNZW02000001-CNZW02000104,CNZW01000000,0,0,0,0
R34-3052,42.4072107,-71.3824374,2,#FF0000,62,11A,<=0.03,<=0.25,<=0.25,<=0.06,<=0.50,2,2004,square,G,36-84,ERR065308,CNNY02000001-CNNY02000119,CNNY01000000,0,0,0,0
R34-3054,42.4072107,-71.3824374,2,#FF0000,62,11A,<=0.03,<=0.25,<=0.25,<=0.06,<=0.50,2,2004,square,F,<6,ERR065310,CNOA02000001-CNOA02000104,CNOA01000000,0,0,0,0
R34-3071,42.4072107,-71.3824374,2,#FF0000,62,11A,<=0.03,<=0.25,<=0.25,<=0.06,<=0.50,2,2004,square,F,Jun-24,ERR065326,CHBF02000001-CHBF02000117,CHBF01000000,0,0,0,0
R34-3080,42.4072107,-71.3824374,2,#FF0000,62,11A,<=0.03,<=0.25,<=0.25,<=0.06,<=0.50,4,2004,square,D,36-84,ERR067985,CFRA02000001-CFRA02000116,CFRA01000000,0,0,0,0
R34-3081,42.4072107,-71.3824374,2,#FF0000,62,11A,<=0.03,<=0.25,<=0.25,<=0.06,<=0.50,4,2004,square,D,36-84,ERR067986,CNWJ02000001-CNWJ02000115,CNWJ01000000,0,0,0,0
R34-3095,42.4072107,-71.3824374,2,#FF0000,62,11A,<=0.03,<=0.25,>2.00,<=0.06,<=0.50,2,2004,square,H,36-84,ERR068000,CNWE02000001-CNWE02000125,CNWE01000000,0,0,0,0
R34-3147,42.4072107,-71.3824374,2,#FF0000,1913,11A,<=0.03,<=0.25,<=0.25,<=0.06,<=0.50,2,2004,square,L,24-36,ERR068040,CNXD02000001-CNXD02000109,CNXD01000000,0,0,0,0
R34-3149,42.4072107,-71.3824374,2,#FF0000,408,11A,<=0.03,<=0.25,<=0.25,<=0.06,<=0.50,2,2004,square,I,36-84,ERR068041,CNXF02000001-CNXF02000136,CNXF01000000,0,0,0,0
R34-3155,42.4072107,-71.3824374,2,#FF0000,62,11A,<=0.03,<=0.25,<=0.25,<=0.06,<=0.50,2,2004,square,N,36-84,ERR068046,CNXL02000001-CNXL02000123,CNXL01000000,0,0,0,0
R34-3156,42.4072107,-71.3824374,2,#FF0000,62,11A,<=0.03,<=0.25,<=0.25,<=0.06,<=0.50,2,2004,square,L,36-84,ERR068047,CNXJ02000001-CNXJ02000112,CNXJ01000000,0,0,0,0
R34-3170,42.4072107,-71.3824374,2,#FF0000,62,11A,<=0.03,<=0.25,<=0.25,<=0.06,<=0.50,2,2004,square,E,36-84,ERR067968,CNQR02000001-CNQR02000115,CNQR01000000,0,0,0,0
R34-3203,42.4072107,-71.3824374,2,#FF0000,62,11A,<=0.03,<=0.25,2,<=0.06,<=0.50,2,2004,square,G,24-36,ERR069702,CNRI02000001-CNRI02000144,CNRI01000000,0,0,0,0
R34-3208,42.4072107,-71.3824374,2,#FF0000,62,11A,<=0.03,<=0.25,<=0.25,<=0.06,<=0.50,2,2004,square,D,Jun-24,ERR069707,CNRX02000001-CNRX02000118,CNRX01000000,0,0,0,0
R34-3214,42.4072107,-71.3824374,2,#FF0000,62,11A,<=0.03,<=0.25,<=0.25,<=0.06,<=0.50,2,2004,square,G,36-84,ERR069713,CNSC02000001-CNSC02000120,CNSC01000000,0,0,0,0
R34-3228,42.4072107,-71.3824374,2,#FF0000,62,11A,0.06,<=0.25,<=0.25,<=0.06,<=0.50,2,2004,square,K,Jun-24,ERR069727,CNRZ02000001-CNRZ02000108,CNRZ01000000,0,0,0,0
SLXY1,42.4072107,-71.3824374,3,#327A33,63,15A,0.19,0.094,3,>256,,,2007,triangle,J,Jun-24,ERR129026,CHIT02000001-CHIT02000165,CHIT01000000,1,0,1,0
IB8MW,42.4072107,-71.3824374,3,#327A33,1914,15A,0.064,0.064,0.38,0.094,,,2007,triangle,J,Jun-24,ERR129054,COAZ02000001-COAZ02000130,COAZ01000000,0,0,0,0
W5HGR,42.4072107,-71.3824374,3,#327A33,63,15A,0.064,0.016,6,>256,,,2007,triangle,J,<6,ERR129060,COBD02000001-COBD02000122,COBD01000000,1,0,1,0
KRHYA,42.4072107,-71.3824374,3,#327A33,63,15A,0.125,0.094,3,>256,,,2007,triangle,J,36-84,ERR129061,COBE02000001-COBE02000141,COBE01000000,1,0,1,0
XCB66,42.4072107,-71.3824374,3,#327A33,63,15A,0.38,0.125,>32,>256,,,2007,triangle,F,Jun-24,ERR129198,COFH02000001-COFH02000122,COFH01000000,1,0,1,0
UJECB,42.4072107,-71.3824374,3,#327A33,63,15A,0.38,0.125,0.19,>256,,,2007,triangle,F,36-84,ERR124239,CNYF02000001-CNYF02000176,CNYF01000000,1,0,1,0
CSI7H,42.4072107,-71.3824374,3,#327A33,63,15A,0.19,0.125,0.25,>256,,,2007,triangle,G,36-84,ERR124249,CNYO02000001-CNYO02000143,CNYO01000000,1,0,1,0
Z4952,42.4072107,-71.3824374,3,#327A33,1915,15A,0.19,0.19,4,>256,,,2007,triangle,G,24-36,ERR124272,CHIQ02000001-CHIQ02000226,CHIQ01000000,1,0,1,0
XVMDP,42.4072107,-71.3824374,3,#327A33,1915,15A,0.25,0.25,6,>256,,,2007,triangle,G,36-84,ERR124274,CFIT02000001-CFIT02000236,CFIT01000000,1,0,1,0
T8K26,42.4072107,-71.3824374,3,#327A33,63,15A,0.25,0.19,0.25,>256,,,2007,triangle,H,<6,ERR124283,CNZJ02000001-CNZJ02000181,CNZJ01000000,1,0,1,0
8QTW4,42.4072107,-71.3824374,3,#327A33,63,15A,0.25,0.094,0.19,32,,,2007,triangle,H,36-84,ERR124300,CFIV02000001-CFIV02000259,CFIV01000000,1,0,1,0
R34-3036,42.4072107,-71.3824374,3,#327A33,1914,15A,0.25,<=0.25,<=0.25,<=0.06,<=0.50,2,2004,square,J,24-36,ERR065293,CNNQ02000001-CNNQ02000133,CNNQ01000000,0,0,0,0
R34-3040,42.4072107,-71.3824374,3,#327A33,63,15A,<=0.03,<=0.25,<=0.25,>0.50,<=0.50,4,2004,square,C,36-84,ERR065297,CNNJ02000001-CNNJ02000132,CNNJ01000000,1,0,1,0
R34-3064,42.4072107,-71.3824374,3,#327A33,63,15A,0.12,<=0.25,>2.00,>0.50,>4.00,4,2004,square,P,24-36,ERR065320,CNOI02000001-CNOI02000150,CNOI01000000,1,0,1,0
R34-3077,42.4072107,-71.3824374,3,#327A33,63,15A,0.12,<=0.25,1,>0.50,>4.00,4,2004,square,E,Jun-24,ERR065332,CNOR02000001-CNOR02000147,CNOR01000000,1,0,1,0
R34-3126,42.4072107,-71.3824374,3,#327A33,63,15A,0.25,<=0.25,2,>0.50,>4.00,4,2004,square,N,36-84,ERR068026,CIDQ02000001-CIDQ02000169,CIDQ01000000,1,0,1,0
R34-3130,42.4072107,-71.3824374,3,#327A33,63,15A,0.25,<=0.25,2,>0.50,>4.00,4,2004,square,N,36-84,ERR068028,CHWX02000001-CHWX02000157,CHWX01000000,1,0,1,0
R34-3138,42.4072107,-71.3824374,3,#327A33,63,15A,0.25,<=0.25,>2.00,>0.50,>4.00,4,2004,square,P,36-84,ERR068032,CNXP02000001-CNXP02000191,CNXP01000000,1,0,1,0
R34-3150,42.4072107,-71.3824374,3,#327A33,1914,15A,0.25,<=0.25,<=0.25,<=0.06,<=0.50,2,2004,square,B,36-84,ERR068042,CNXE02000001-CNXE02000166,CNXE01000000,0,0,0,0
R34-3158,42.4072107,-71.3824374,3,#327A33,63,15A,0.25,<=0.25,>2.00,>0.50,>4.00,4,2004,square,A,24-36,ERR068049,CNXM02000001-CNXM02000194,CNXM01000000,1,0,1,0
R34-3179,42.4072107,-71.3824374,3,#327A33,1915,15A,0.25,<=0.25,>2.00,>0.50,>4.00,4,2004,square,F,Jun-24,ERR067978,CNQK02000001-CNQK02000173,CNQK01000000,1,0,1,0
R34-3225,42.4072107,-71.3824374,3,#327A33,63,15A,0.25,<=0.25,<=0.25,>0.50,>4.00,4,2004,square,K,36-84,ERR069724,CNRS02000001-CNRS02000136,CNRS01000000,1,0,1,0
R34-3226,42.4072107,-71.3824374,3,#327A33,63,15A,0.25,<=0.25,<=0.25,>0.50,>4.00,4,2004,square,K,24-36,ERR069725,CHBI02000001-CHBI02000139,CHBI01000000,1,0,1,0
HB7S5,42.4072107,-71.3824374,3,#327A33,63,19A,0.19,0.38,0.25,>256,,,2007,triangle,F,Jun-24,ERR124221,CFIR02000001-CFIR02000119,CFIR01000000,1,0,1,0
R34-3199,42.4072107,-71.3824374,3,#327A33,63,19A,0.25,<=0.25,<=0.25,>0.50,>4.00,4,2004,square,P,<6,ERR069698,CNRG02000001-CNRG02000154,CNRG01000000,1,0,1,0
35100,42.4072107,-71.3824374,4,#3B17EB,1901,22F,<0.03,<0.03,0.12/2,<0.03,0.25,,2001,circle,B,24-36,ERR069738,CNSI02000001-CNSI02000135,CNSI01000000,0,0,0,0
120581,42.4072107,-71.3824374,4,#3B17EB,433,22F,<0.03,<0.03,0.25/4,<0.03,0.25,,2001,circle,N,24-36,ERR069767,CNTI02000001-CNTI02000163,CNTI01000000,0,0,0,0
153408,42.4072107,-71.3824374,4,#3B17EB,433,22F,<0.03,<0.03,<0.06/,<0.03,0.12,,2001,circle,A,36-84,ERR069778,CNUK02000001-CNUK02000130,CNUK01000000,0,0,0,0
163286,42.4072107,-71.3824374,4,#3B17EB,433,22F,<0.03,<0.03,0.12/2,<0.03,0.12,,2001,circle,N,36-84,ERR069783,CNUN02000001-CNUN02000129,CNUN01000000,0,0,0,0
RWZJE,42.4072107,-71.3824374,4,#3B17EB,433,22F,0.016,0.016,0.125,0.047,,,2007,triangle,C,36-84,ERR129096,COCO02000001-COCO02000121,COCO01000000,0,0,0,0
FBPNS,42.4072107,-71.3824374,4,#3B17EB,433,22F,0.016,0.023,0.19,0.064,,,2007,triangle,D,Jun-24,ERR129156,CODZ02000001-CODZ02000138,CODZ01000000,0,0,0,0
120T7,42.4072107,-71.3824374,4,#3B17EB,433,22F,0.032,0.023,0.25,0.64,,,2007,triangle,F,36-84,ERR129204,COFQ02000001-COFQ02000135,COFQ01000000,0,0,0,0
FJZZW,42.4072107,-71.3824374,4,#3B17EB,433,22F,0.023,0.023,0.125,0.047,,,2007,triangle,G,24-36,ERR124248,CNYM02000001-CNYM02000145,CNYM01000000,0,0,0,0
Q3H1U,42.4072107,-71.3824374,4,#3B17EB,1901,22F,0.032,0.023,0.125,0.064,,,2007,triangle,G,Jun-24,ERR124260,CFLO02000001-CFLO02000165,CFLO01000000,0,0,0,0
DQKYE,42.4072107,-71.3824374,4,#3B17EB,433,22F,0.016,0.023,0.19,0.047,,,2007,triangle,H,Jun-24,ERR124307,COAA02000001-COAA02000150,COAA01000000,0,0,0,0
I0UZQ,42.4072107,-71.3824374,4,#3B17EB,433,22F,0.023,0.032,0.25,0.094,,,2007,triangle,H,Jun-24,ERR124318,COAF02000001-COAF02000109,COAF01000000,0,0,0,0
R34-3012,42.4072107,-71.3824374,4,#3B17EB,1337,22F,0.06,<=0.25,<=0.25,<=0.06,<=0.50,2,2004,square,D,36-84,ERR065338,CNOY02000001-CNOY02000144,CNOY01000000,0,0,0,0
R34-3017,42.4072107,-71.3824374,4,#3B17EB,433,22F,0.06,<=0.25,<=0.25,<=0.06,<=0.50,2,2004,square,I,24-36,ERR065343,CNPG02000001-CNPG02000134,CNPG01000000,0,0,0,0
R34-3082,42.4072107,-71.3824374,4,#3B17EB,1337,22F,0.06,<=0.25,<=0.25,<=0.06,<=0.50,2,2004,square,D,36-84,ERR067987,CNWI02000001-CNWI02000136,CNWI01000000,0,0,0,0
R34-3090,42.4072107,-71.3824374,4,#3B17EB,1337,22F,0.06,<=0.25,<=0.25,<=0.06,<=0.50,2,2004,square,D,24-36,ERR067995,CNVZ02000001-CNVZ02000151,CNVZ01000000,0,0,0,0
R34-3091,42.4072107,-71.3824374,4,#3B17EB,433,22F,<=0.03,<=0.25,<=0.25,<=0.06,<=0.50,2,2004,square,D,Jun-24,ERR067996,CNWA02000001-CNWA02000125,CNWA01000000,0,0,0,0
R34-3143,42.4072107,-71.3824374,4,#3B17EB,433,22F,0.12,<=0.25,<=0.25,<=0.06,<=0.50,2,2004,square,L,24-36,ERR068037,CNXQ02000001-CNXQ02000130,CNXQ01000000,0,0,0,0
R34-3167,42.4072107,-71.3824374,4,#3B17EB,433,22F,0.06,<=0.25,<=0.25,<=0.06,<=0.50,2,2004,square,K,36-84,ERR067965,CFJR02000001-CFJR02000119,CFJR01000000,0,0,0,0
R34-3187,42.4072107,-71.3824374,4,#3B17EB,433,22F,<=0.03,<=0.25,<=0.25,<=0.06,<=0.50,2,2004,square,L,Jun-24,ERR069686,CNRN02000001-CNRN02000128,CNRN01000000,0,0,0,0
R34-3189,42.4072107,-71.3824374,4,#3B17EB,433,22F,<=0.03,<=0.25,<=0.25,<=0.06,<=0.50,2,2004,square,H,36-84,ERR069688,CNRA02000001-CNRA02000120,CNRA01000000,0,0,0,0
VPPXV,42.4072107,-71.3824374,5,#13E8DD,156,11A,0.38,0.25,>32,0.094,,,2007,triangle,J,36-84,ERR129053,CIKC02000001-CIKC02000133,CIKC01000000,0,0,0,0
3FBXJ,42.4072107,-71.3824374,5,#13E8DD,162,15B/C,0.023,0.032,0.19,0.064,,,2007,triangle,D,24-36,ERR129144,CHBX02000001-CHBX02000258,CHBX01000000,0,0,0,0
NJ41D,42.4072107,-71.3824374,5,#13E8DD,3275,15B/C,0.023,0.023,0.19,0.064,,,2007,triangle,E,Jun-24,ERR129182,COEU02000001-COEU02000189,COEU01000000,0,0,0,0
5MZ1D,42.4072107,-71.3824374,5,#13E8DD,162,15B/C,0.023,0.023,0.19,0.064,,,2007,triangle,F,36-84,ERR129196,COFN02000001-COFN02000332,COFN01000000,0,0,0,0
F8P25,42.4072107,-71.3824374,5,#13E8DD,1925,19A,0.125,0.094,>32,8,,,2007,triangle,I,Jun-24,ERR129105,COCT02000001-COCT02000141,COCT01000000,1,1,0,1
XQR0B,42.4072107,-71.3824374,5,#13E8DD,1925,19A,0.19,0.094,>32,12,,,2007,triangle,F,Jun-24,ERR129195,COFF02000001-COFF02000150,COFF01000000,1,1,0,1
R34-3093,42.4072107,-71.3824374,5,#13E8DD,1925,19A,0.25,<=0.25,>2.00,>0.50,<=0.50,2,2004,square,M,24-36,ERR067998,CNWC02000001-CNWC02000171,CNWC01000000,1,1,0,1
R34-3215,42.4072107,-71.3824374,5,#13E8DD,1925,19A,0.25,<=0.25,>2.00,>0.50,<=0.50,2,2004,square,G,<6,ERR069714,CNSH02000001-CNSH02000166,CNSH01000000,1,1,0,1
234323,42.4072107,-71.3824374,5,#13E8DD,156,9V,4,1,>4/76,<0.03,0.5,,2001,circle,E,Jun-24,ERR069799,CFQE02000001-CFQE02000139,CFQE01000000,0,0,0,0
312942,42.4072107,-71.3824374,5,#13E8DD,156,9V,4,2,>4/76,<0.03,0.25,,2001,circle,P,Jun-24,ERR069818,CNVA02000001-CNVA02000142,CNVA01000000,0,0,0,0
422264,42.4072107,-71.3824374,5,#13E8DD,156,9V,4,1,>4/76,<0.03,0.25,,2001,circle,G,<6,ERR124320,COAH02000001-COAH02000221,COAH01000000,0,0,0,0
R34-3016,42.4072107,-71.3824374,5,#13E8DD,156,9V,2,1,>2.00,<=0.06,<=0.50,2,2004,square,I,36-84,ERR065342,CHWT02000001-CHWT02000142,CHWT01000000,0,0,0,0
STPDE,42.4072107,-71.3824374,5,#13E8DD,162,9V,0.023,0.023,0.25,0.094,,,2007,triangle,C,<6,ERR129077,COBW02000001-COBW02000214,COBW01000000,0,0,0,0
R34-3045,42.4072107,-71.3824374,5,#13E8DD,156,9V,1,1,>2.00,<=0.06,<=0.50,2,2004,square,F,36-84,ERR065301,CNNT02000001-CNNT02000129,CNNT01000000,0,1,0,1
HR2T3,42.4072107,-71.3824374,6,#E329CD,3280,15B/C,0.25,0.19,1,0.5,,,2007,triangle,H,Jun-24,ERR124286,CHBT02000001-CHBT02000131,CHBT01000000,0,1,0,1
0FQ8K,42.4072107,-71.3824374,6,#E329CD,3280,15B/C,0.25,0.19,0.5,0.25,,,2007,triangle,H,Jun-24,ERR124288,CIDT02000001-CIDT02000148,CIDT01000000,0,1,0,1
H8YKW,42.4072107,-71.3824374,6,#E329CD,3280,15B/C,0.25,0.19,1,0.38,,,2007,triangle,H,Jun-24,ERR124294,CFQZ02000001-CFQZ02000133,CFQZ01000000,0,1,0,1
01ZWM,42.4072107,-71.3824374,6,#E329CD,3280,15B/C,0.38,0.19,0.75,0.25,,,2007,triangle,H,36-84,ERR124297,CNZS02000001-CNZS02000178,CNZS01000000,0,1,0,1
BJF60,42.4072107,-71.3824374,6,#E329CD,3280,15B/C,0.38,0.125,1.5,0.5,,,2007,triangle,H,24-36,ERR124319,COAI02000001-COAI02000130,COAI01000000,0,1,0,1
0GB6K,42.4072107,-71.3824374,6,#E329CD,338,23A,0.064,0.094,0.19,0.047,,,2007,triangle,J,36-84,ERR129042,CHXE02000001-CHXE02000137,CHXE01000000,0,0,0,0
OSEY6,42.4072107,-71.3824374,6,#E329CD,338,23A,0.125,0.094,0.75,0.064,,,2007,triangle,I,Jun-24,ERR129117,COCY02000001-COCY02000132,COCY01000000,0,0,0,0
DNB90,42.4072107,-71.3824374,6,#E329CD,338,23A,0.032,0.094,1,0.064,,,2007,triangle,D,Jun-24,ERR129157,CODW02000001-CODW02000128,CODW01000000,0,0,0,0
5XCD5,42.4072107,-71.3824374,6,#E329CD,338,23A,0.094,0.094,0.125,0.064,,,2007,triangle,E,24-36,ERR129167,COEI02000001-COEI02000186,COEI01000000,0,0,0,0
TV66E,42.4072107,-71.3824374,6,#E329CD,338,23A,0.094,0.094,0.19,0.032,,,2007,triangle,E,Jun-24,ERR129176,COER02000001-COER02000154,COER01000000,0,0,0,0
UNUOJ,42.4072107,-71.3824374,6,#E329CD,338,23A,0.125,0.064,0.19,0.047,,,2007,triangle,F,36-84,ERR129213,COFR02000001-COFR02000152,COFR01000000,0,0,0,0
28PCJ,42.4072107,-71.3824374,6,#E329CD,338,23A,0.38,0.25,0.125,>256,,,2007,triangle,F,Jun-24,ERR124235,CNXX02000001-CNXX02000140,CNXX01000000,1,0,1,0
A12WS,42.4072107,-71.3824374,6,#E329CD,338,23A,0.094,0.094,0.19,0.047,,,2007,triangle,H,36-84,ERR124308,CFRS02000001-CFRS02000138,CFRS01000000,0,0,0,0
R34-3047,42.4072107,-71.3824374,6,#E329CD,338,23A,0.12,<=0.25,<=0.25,<=0.06,<=0.50,2,2004,square,O,36-84,ERR065303,CFQX02000001-CFQX02000142,CFQX01000000,0,0,0,0
R34-3123,42.4072107,-71.3824374,6,#E329CD,338,23A,0.12,<=0.25,<=0.25,<=0.06,<=0.50,2,2004,square,G,24-36,ERR068023,CFRD02000001-CFRD02000128,CFRD01000000,0,0,0,0
R34-3209,42.4072107,-71.3824374,6,#E329CD,338,23A,0.12,<=0.25,<=0.25,<=0.06,<=0.50,2,2004,square,L,Jun-24,ERR069708,CFQF02000001-CFQF02000139,CFQF01000000,0,0,0,0
O3452,42.4072107,-71.3824374,6,#E329CD,1373,23B,0.125,0.094,1.5,0.032,,,2007,triangle,J,Jun-24,ERR129043,COAR02000001-COAR02000161,COAR01000000,0,0,0,0
1LQKE,42.4072107,-71.3824374,6,#E329CD,1373,23B,0.125,0.094,1.5,0.064,,,2007,triangle,F,24-36,ERR124227,CFIS02000001-CFIS02000182,CFIS01000000,0,0,0,0
R34-3136,42.4072107,-71.3824374,6,#E329CD,342,23F,0.12,<=0.25,0.5,>0.50,>4.00,2,2004,square,C,Jun-24,ERR068030,CNXK02000001-CNXK02000135,CNXK01000000,1,0,1,0
153438,42.4072107,-71.3824374,6,#E329CD,1827,6B,0.06,<0.03,0.25/4,<0.03,0.25,,2001,circle,A,36-84,ERR069779,CNUE02000001-CNUE02000178,CNUE01000000,0,0,0,0
174702,42.4072107,-71.3824374,6,#E329CD,639,6B,<0.03,<0.03,0.12/2,<0.03,0.25,,2001,circle,C,Jun-24,ERR069786,CNTT02000001-CNTT02000182,CNTT01000000,0,0,0,0
481643,42.4072107,-71.3824374,6,#E329CD,138,6B,<0.03,<0.03,0.25/4,<0.03,0.25,,2001,circle,L,Jun-24,ERR065969,CFQD02000001-CFQD02000221,CFQD01000000,0,0,0,0
487827,42.4072107,-71.3824374,6,#E329CD,138,6B,<0.03,<0.03,0.25/4,<0.03,0.25,,2001,circle,E,Jun-24,ERR065971,CNPS02000001-CNPS02000180,CNPS01000000,0,0,0,0
UB6XH,42.4072107,-71.3824374,6,#E329CD,138,6B,0.023,0.016,0.25,0.047,,,2007,triangle,E,Jun-24,ERR129172,CIIN02000001-CIIN02000160,CIIN01000000,0,0,0,0
R34-3186,42.4072107,-71.3824374,6,#E329CD,138,6B,<=0.03,<=0.25,<=0.25,<=0.06,<=0.50,2,2004,square,L,36-84,ERR069685,CNRF02000001-CNRF02000174,CNRF01000000,0,0,0,0
R34-3194,42.4072107,-71.3824374,6,#E329CD,SLV176,6B,<=0.03,<=0.25,<=0.25,<=0.06,<=0.50,2,2004,square,C,36-84,ERR069693,CNRE02000001-CNRE02000165,CNRE01000000,0,0,0,0
1TR6C,42.4072107,-71.3824374,6,#E329CD,138,6C,< 0.01,0.016,3,0.064,,,2007,triangle,E,36-84,ERR129168,COEH02000001-COEH02000199,COEH01000000,0,0,0,0
7RCF0,42.4072107,-71.3824374,7,#F5F522,191,7F,0.016,0.023,0.125,0.064,,,2007,triangle,J,Jun-24,ERR129067,COBP02000001-COBP02000155,COBP01000000,0,0,0,0
UFG1A,42.4072107,-71.3824374,7,#F5F522,191,7F,0.023,0.023,0.125,0.094,,,2007,triangle,C,36-84,ERR129073,COBT02000001-COBT02000140,COBT01000000,0,0,0,0
RJBFJ,42.4072107,-71.3824374,7,#F5F522,191,7F,0.023,0.023,0.19,0.094,,,2007,triangle,F,36-84,ERR124224,CIED02000001-CIED02000153,CIED01000000,0,0,0,0
B4R32,42.4072107,-71.3824374,7,#F5F522,191,7F,0.023,0.023,0.19,0.064,,,2007,triangle,F,36-84,ERR124228,CFJV02000001-CFJV02000308,CFJV01000000,0,0,0,0
3BDEM,42.4072107,-71.3824374,7,#F5F522,191,7F,0.023,0.023,0.125,0.094,,,2007,triangle,F,Jun-24,ERR124243,CFQV02000001-CFQV02000149,CFQV01000000,0,0,0,0
Y89K0,42.4072107,-71.3824374,7,#F5F522,191,7F,0.016,0.023,0.125,0.064,,,2007,triangle,G,<6,ERR124276,CNZE02000001-CNZE02000145,CNZE01000000,0,0,0,0
D8RPY,42.4072107,-71.3824374,7,#F5F522,191,7F,0.023,0.023,0.125,0.094,,,2007,triangle,H,24-36,ERR124292,CNZU02000001-CNZU02000156,CNZU01000000,0,0,0,0
55NO4,42.4072107,-71.3824374,7,#F5F522,191,7F,0.016,0.023,0.125,0.047,,,2007,triangle,H,36-84,ERR124312,COAB02000001-COAB02000178,COAB01000000,0,0,0,0
R34-3163,42.4072107,-71.3824374,7,#F5F522,191,7F,<=0.03,<=0.25,<=0.25,<=0.06,<=0.50,<=1.00,2004,square,I,36-84,ERR067961,CNQM02000001-CNQM02000161,CNQM01000000,0,0,0,0
R34-3219,42.4072107,-71.3824374,7,#F5F522,191,7F,0.06,<=0.25,<=0.25,<=0.06,<=0.50,2,2004,square,G,36-84,ERR069718,CNRQ02000001-CNRQ02000159,CNRQ01000000,0,0,0,0
72782,42.4072107,-71.3824374,8,#B0EDA8,199,15B/C,<0.03,<0.03,0.12/2,<0.03,0.12,,2001,circle,O,Jun-24,ERR069751,CNSY02000001-CNSY02000137,CNSY01000000,0,0,0,0
103453,42.4072107,-71.3824374,8,#B0EDA8,1938,15B/C,0.06,<0.03,>4/76,0.5,>8,,2001,circle,F,36-84,ERR069761,CNSX02000001-CNSX02000168,CNSX01000000,0,1,0,1
146066,42.4072107,-71.3824374,8,#B0EDA8,199,15B/C,<0.03,<0.03,0.12/2,<0.03,0.25,,2001,circle,C,Jun-24,ERR069774,CNTK02000001-CNTK02000166,CNTK01000000,0,0,0,0
217475,42.4072107,-71.3824374,8,#B0EDA8,199,15B/C,<0.03,<0.03,0.12/2,<0.03,0.25,,2001,circle,P,36-84,ERR069795,CHIP02000001-CHIP02000177,CHIP01000000,0,0,0,0
365152,42.4072107,-71.3824374,8,#B0EDA8,199,15B/C,<0.03,<0.03,0.25/4,<0.03,0.12,,2001,circle,O,36-84,ERR069829,CNVU02000001-CNVU02000166,CNVU01000000,0,0,0,0
372297,42.4072107,-71.3824374,8,#B0EDA8,199,15B/C,<0.03,<0.03,0.12/2,<0.03,0.12,,2001,circle,A,Jun-24,ERR069833,CFLQ02000001-CFLQ02000144,CFLQ01000000,0,0,0,0
483391,42.4072107,-71.3824374,8,#B0EDA8,199,15B/C,<0.03,<0.03,0.12/2,<0.03,0.25,,2001,circle,O,36-84,ERR065970,CNPQ02000001-CNPQ02000152,CNPQ01000000,0,0,0,0
492706,42.4072107,-71.3824374,8,#B0EDA8,199,15B/C,<0.03,<0.03,0.12/2,<0.03,0.12,,2001,circle,P,<6,ERR065972,CNPW02000001-CNPW02000175,CNPW01000000,0,0,0,0
509365,42.4072107,-71.3824374,8,#B0EDA8,199,15B/C,0.06,<0.03,0.25/4,<0.03,0.25,,2001,circle,E,Jun-24,ERR065975,CNPV02000001-CNPV02000205,CNPV01000000,0,0,0,0
DH8X5-2,42.4072107,-71.3824374,8,#B0EDA8,199,15B/C,0.023,0.047,0.19,0.094,,,2007,triangle,J,Jun-24,ERR129032,COBQ02000001-COBQ02000160,COBQ01000000,0,0,0,0
K51SW,42.4072107,-71.3824374,8,#B0EDA8,199,15B/C,0.023,0.047,0.19,0.064,,,2007,triangle,J,24-36,ERR129033,COBS02000001-COBS02000213,COBS01000000,0,0,0,0
PXB8V,42.4072107,-71.3824374,8,#B0EDA8,199,15B/C,0.023,0.032,0.25,0.047,,,2007,triangle,J,24-36,ERR129034,CFRH02000001-CFRH02000248,CFRH01000000,0,0,0,0
TG9A8,42.4072107,-71.3824374,8,#B0EDA8,199,15B/C,0.023,0.032,0.125,0.064,,,2007,triangle,J,36-84,ERR129046,COAU02000001-COAU02000182,COAU01000000,0,0,0,0
FQPLS,42.4072107,-71.3824374,8,#B0EDA8,199,15B/C,0.032,0.032,0.38,0.094,,,2007,triangle,C,Jun-24,ERR129081,COCC02000001-COCC02000141,COCC01000000,0,0,0,0
WQ9GV,42.4072107,-71.3824374,8,#B0EDA8,199,15B/C,0.023,0.032,0.38,0.094,,,2007,triangle,C,36-84,ERR129091,COCH02000001-COCH02000158,COCH01000000,0,0,0,0
IRE4I,42.4072107,-71.3824374,8,#B0EDA8,199,15B/C,0.023,0.023,0.125,0.047,,,2007,triangle,I,Jun-24,ERR129121,CODB02000001-CODB02000154,CODB01000000,0,0,0,0
P4GIC,42.4072107,-71.3824374,8,#B0EDA8,199,15B/C,0.016,0.016,0.094,0.064,,,2007,triangle,I,Jun-24,ERR129125,CFRI02000001-CFRI02000164,CFRI01000000,0,0,0,0
EH2WN,42.4072107,-71.3824374,8,#B0EDA8,199,15B/C,0.023,0.023,0.19,3,,,2007,triangle,D,36-84,ERR129129,COEJ02000001-COEJ02000141,COEJ01000000,1,1,0,1
XZHZP,42.4072107,-71.3824374,8,#B0EDA8,199,15B/C,0.023,0.032,0.19,0.094,,,2007,triangle,D,Jun-24,ERR129149,CODR02000001-CODR02000160,CODR01000000,0,0,0,0
AYFPY,42.4072107,-71.3824374,8,#B0EDA8,199,15B/C,0.023,0.023,0.125,0.047,,,2007,triangle,E,36-84,ERR129174,COEQ02000001-COEQ02000183,COEQ01000000,0,0,0,0
IMAPY,42.4072107,-71.3824374,8,#B0EDA8,199,15B/C,0.032,0.032,0.125,0.047,,,2007,triangle,E,24-36,ERR129175,CHXK02000001-CHXK02000147,CHXK01000000,0,0,0,0
QLCSW,42.4072107,-71.3824374,8,#B0EDA8,199,15B/C,0.023,0.023,0.125,8,,,2007,triangle,E,36-84,ERR129186,CHXG02000001-CHXG02000146,CHXG01000000,1,1,0,1
5QBRP,42.4072107,-71.3824374,8,#B0EDA8,199,15B/C,0.023,0.047,0.125,0.094,,,2007,triangle,F,Jun-24,ERR129190,COEY02000001-COEY02000145,COEY01000000,0,0,0,0
PN3IH,42.4072107,-71.3824374,8,#B0EDA8,199,15B/C,0.032,0.047,0.25,0.094,,,2007,triangle,F,36-84,ERR124225,CNYY02000001-CNYY02000184,CNYY01000000,0,0,0,0
ESBKM,42.4072107,-71.3824374,8,#B0EDA8,199,15B/C,0.032,0.032,0.125,0.125,,,2007,triangle,F,36-84,ERR124229,CNXU02000001-CNXU02000160,CNXU01000000,0,0,0,0
PCKMO,42.4072107,-71.3824374,8,#B0EDA8,199,15B/C,0.023,0.032,0.25,3,,,2007,triangle,G,36-84,ERR124263,CNYV02000001-CNYV02000245,CNYV01000000,1,1,0,1
LJ6JL,42.4072107,-71.3824374,8,#B0EDA8,199,15B/C,0.023,0.023,0.19,6,,,2007,triangle,G,36-84,ERR124267,CNYZ02000001-CNYZ02000130,CNYZ01000000,1,1,0,1
IZCEG,42.4072107,-71.3824374,8,#B0EDA8,199,15B/C,0.023,0.032,0.19,3,,,2007,triangle,H,24-36,ERR124313,COAD02000001-COAD02000140,COAD01000000,1,1,0,1
R34-3011,42.4072107,-71.3824374,8,#B0EDA8,199,15B/C,0.06,<=0.25,<=0.25,>0.50,<=0.50,<=1.00,2004,square,D,Jun-24,ERR065337,CFJQ02000001-CFJQ02000179,CFJQ01000000,1,1,0,1
R34-3014,42.4072107,-71.3824374,8,#B0EDA8,199,15B/C,0.06,<=0.25,<=0.25,>0.50,<=0.50,2,2004,square,D,24-36,ERR065340,CNPP02000001-CNPP02000150,CNPP01000000,1,1,0,1
R34-3030,42.4072107,-71.3824374,8,#B0EDA8,199,15B/C,<=0.03,<=0.25,<=0.25,<=0.06,<=0.50,<=1.00,2004,square,C,36-84,ERR065287,CNNI02000001-CNNI02000162,CNNI01000000,0,0,0,0
R34-3031,42.4072107,-71.3824374,8,#B0EDA8,199,15B/C,<=0.03,<=0.25,>2.00,<=0.06,<=0.50,2,2004,square,C,36-84,ERR065288,CNNP02000001-CNNP02000165,CNNP01000000,0,0,0,0
R34-3034,42.4072107,-71.3824374,8,#B0EDA8,199,15B/C,0.06,<=0.25,<=0.25,<=0.06,<=0.50,2,2004,square,J,24-36,ERR065291,CNNH02000001-CNNH02000177,CNNH01000000,0,0,0,0
R34-3140,42.4072107,-71.3824374,8,#B0EDA8,199,15B/C,0.06,<=0.25,1,<=0.06,<=0.50,2,2004,square,L,Jun-24,ERR068034,CFJX02000001-CFJX02000182,CFJX01000000,0,0,0,0
R34-3144,42.4072107,-71.3824374,8,#B0EDA8,199,15B/C,<=0.03,<=0.25,<=0.25,>0.50,<=0.50,2,2004,square,C,Jun-24,ERR068038,CNXB02000001-CNXB02000150,CNXB01000000,1,1,0,1
R34-3153,42.4072107,-71.3824374,8,#B0EDA8,199,15B/C,<=0.03,<=0.25,<=0.25,<=0.06,<=0.50,2,2004,square,N,24-36,ERR068044,CNXI02000001-CNXI02000162,CNXI01000000,0,0,0,0
R34-3154,42.4072107,-71.3824374,8,#B0EDA8,199,15B/C,<=0.03,<=0.25,<=0.25,<=0.06,<=0.50,2,2004,square,I,24-36,ERR068045,CNXH02000001-CNXH02000167,CNXH01000000,0,0,0,0
R34-3159,42.4072107,-71.3824374,8,#B0EDA8,1932,15B/C,<=0.03,<=0.25,<=0.25,0.12,<=0.50,2,2004,square,L,Jun-24,ERR068050,CNXO02000001-CNXO02000286,CNXO01000000,0,0,0,0
R34-3160,42.4072107,-71.3824374,8,#B0EDA8,199,15B/C,<=0.03,<=0.25,<=0.25,<=0.06,<=0.50,2,2004,square,L,36-84,ERR067960,CNQB02000001-CNQB02000159,CNQB01000000,0,0,0,0
R34-3175,42.4072107,-71.3824374,8,#B0EDA8,199,15B/C,<=0.03,<=0.25,<=0.25,<=0.06,<=0.50,2,2004,square,K,36-84,ERR067974,CNQF02000001-CNQF02000189,CNQF01000000,0,0,0,0
R34-3188,42.4072107,-71.3824374,8,#B0EDA8,199,15B/C,0.06,<=0.25,<=0.25,<=0.06,<=0.50,<=1.00,2004,square,F,Jun-24,ERR069687,CNRM02000001-CNRM02000152,CNRM01000000,0,0,0,0
R34-3192,42.4072107,-71.3824374,8,#B0EDA8,199,15B/C,0.06,<=0.25,<=0.25,<=0.06,<=0.50,2,2004,square,B,Jun-24,ERR069691,CNRK02000001-CNRK02000163,CNRK01000000,0,0,0,0
R34-3205,42.4072107,-71.3824374,8,#B0EDA8,199,15B/C,<=0.03,<=0.25,<=0.25,<=0.06,<=0.50,2,2004,square,J,Jun-24,ERR069704,CNQU02000001-CNQU02000156,CNQU01000000,0,0,0,0
R34-3206,42.4072107,-71.3824374,8,#B0EDA8,199,15B/C,0.06,<=0.25,<=0.25,<=0.06,<=0.50,2,2004,square,J,24-36,ERR069705,CNRB02000001-CNRB02000157,CNRB01000000,0,0,0,0
R34-3212,42.4072107,-71.3824374,8,#B0EDA8,199,15B/C,0.06,<=0.25,<=0.25,<=0.06,<=0.50,2,2004,square,L,36-84,ERR069711,CHBJ02000001-CHBJ02000159,CHBJ01000000,0,0,0,0
8PY5X,42.4072107,-71.3824374,8,#B0EDA8,199,15B/C,0.023,0.023,0.25,0.047,,,2007,triangle,F,Jun-24,ERR129207,COFO02000001-COFO02000165,COFO01000000,0,0,0,0
M6AJV,42.4072107,-71.3824374,8,#B0EDA8,199,15B/C,0.023,0.032,0.094,0.032,,,2007,triangle,F,24-36,ERR124220,CNYI02000001-CNYI02000172,CNYI01000000,0,0,0,0
WWC1T,42.4072107,-71.3824374,8,#B0EDA8,199,15B/C,0.023,0.023,0.25,0.094,,,2007,triangle,G,36-84,ERR124251,CFIU02000001-CFIU02000172,CFIU01000000,0,0,0,0
R34-3063,42.4072107,-71.3824374,8,#B0EDA8,199,15B/C,<=0.03,<=0.25,<=0.25,<=0.06,<=0.50,2,2004,square,G,Jun-24,ERR065319,CNOK02000001-CNOK02000182,CNOK01000000,0,0,0,0
80104,42.4072107,-71.3824374,8,#B0EDA8,199,19A,0.12,0.06,>4/76,<0.03,0.25,,2001,circle,N,Jun-24,ERR069753,CNTC02000001-CNTC02000175,CNTC01000000,0,0,0,0
135771,42.4072107,-71.3824374,8,#B0EDA8,199,19A,0.12,<0.03,0.25/4,<0.03,0.25,,2001,circle,K,Jun-24,ERR069771,CNTN02000001-CNTN02000165,CNTN01000000,0,0,0,0
148056,42.4072107,-71.3824374,8,#B0EDA8,1936,19A,4,2,>4/76,0.06,0.25,,2001,circle,N,36-84,ERR069776,CNTZ02000001-CNTZ02000166,CNTZ01000000,0,0,0,0
160449,42.4072107,-71.3824374,8,#B0EDA8,199,19A,0.12,0.06,0.25/4,<0.03,0.25,,2001,circle,K,36-84,ERR069781,CNUG02000001-CNUG02000149,CNUG01000000,0,0,0,0
210162,42.4072107,-71.3824374,8,#B0EDA8,1936,19A,2,1,>4/76,<0.03,0.12,,2001,circle,J,24-36,ERR069794,CNUD02000001-CNUD02000187,CNUD01000000,0,0,0,0
218186,42.4072107,-71.3824374,8,#B0EDA8,199,19A,0.12,<0.03,0.12/2,<0.03,0.12,,2001,circle,O,Jun-24,ERR069796,CNUH02000001-CNUH02000160,CNUH01000000,0,0,0,0
266035,42.4072107,-71.3824374,8,#B0EDA8,199,19A,0.12,<0.03,0.12/2,<0.03,0.12,,2001,circle,P,36-84,ERR069805,CIDV02000001-CIDV02000165,CIDV01000000,0,0,0,0
312034,42.4072107,-71.3824374,8,#B0EDA8,199,19A,0.12,0.06,Jan-19,>1,0.12,,2001,circle,I,Jun-24,ERR069817,CNUS02000001-CNUS02000152,CNUS01000000,1,1,0,1
366293,42.4072107,-71.3824374,8,#B0EDA8,199,19A,0.25,0.06,Apr-76,<0.03,,,2001,circle,K,Jun-24,ERR069831,CNVH02000001-CNVH02000146,CNVH01000000,0,0,0,0
6EO69,42.4072107,-71.3824374,8,#B0EDA8,1756,19A,0.094,0.094,0.125,0.094,,,2007,triangle,J,Jun-24,ERR129025,COAK02000001-COAK02000239,COAK01000000,0,0,0,0
RZPNF,42.4072107,-71.3824374,8,#B0EDA8,199,19A,0.125,0.064,0.75,0.064,,,2007,triangle,J,24-36,ERR129059,COBC02000001-COBC02000146,COBC01000000,0,0,0,0
6UUPJ,42.4072107,-71.3824374,8,#B0EDA8,199,19A,0.094,0.047,0.094,0.094,,,2007,triangle,J,24-36,ERR129063,CHXL02000001-CHXL02000154,CHXL01000000,0,0,0,0
BHCQB,42.4072107,-71.3824374,8,#B0EDA8,199,19A,0.125,0.094,0.125,0.094,,,2007,triangle,C,36-84,ERR129072,COBL02000001-COBL02000121,COBL01000000,0,0,0,0
RCBGR,42.4072107,-71.3824374,8,#B0EDA8,199,19A,0.5,0.5,>32,6,,,2007,triangle,I,24-36,ERR129108,CFKC02000001-CFKC02000173,CFKC01000000,1,1,0,1
WNYEL,42.4072107,-71.3824374,8,#B0EDA8,199,19A,0.094,0.064,0.19,0.064,,,2007,triangle,I,36-84,ERR129112,COCW02000001-COCW02000152,COCW01000000,0,0,0,0
WLTN8,42.4072107,-71.3824374,8,#B0EDA8,2344,19A,2,1.5,8,0.064,,,2007,triangle,I,Jun-24,ERR129118,CODA02000001-CODA02000164,CODA01000000,0,0,0,0
RL36E,42.4072107,-71.3824374,8,#B0EDA8,199,19A,0.094,0.064,0.19,0.064,,,2007,triangle,I,<6,ERR129120,CODE02000001-CODE02000196,CODE01000000,0,0,0,0
REQGJ,42.4072107,-71.3824374,8,#B0EDA8,199,19A,0.094,0.064,0.125,0.064,,,2007,triangle,I,Jun-24,ERR129123,CODU02000001-CODU02000166,CODU01000000,0,0,0,0
LOOXY,42.4072107,-71.3824374,8,#B0EDA8,199,19A,0.125,0.125,0.19,0.094,,,2007,triangle,D,36-84,ERR129140,CFIW02000001-CFIW02000168,CFIW01000000,0,0,0,0
FUOYQ,42.4072107,-71.3824374,8,#B0EDA8,199,19A,0.094,0.094,0.19,0.094,,,2007,triangle,D,Jun-24,ERR129142,CODK02000001-CODK02000195,CODK01000000,0,0,0,0
Z60YP,42.4072107,-71.3824374,8,#B0EDA8,199,19A,0.094,0.094,0.25,0.064,,,2007,triangle,D,<6,ERR129153,CODS02000001-CODS02000150,CODS01000000,0,0,0,0
DPGZI,42.4072107,-71.3824374,8,#B0EDA8,199,19A,0.25,0.047,1.5,4,,,2007,triangle,D,36-84,ERR129160,COED02000001-COED02000149,COED01000000,1,1,0,1
YQUAQ,42.4072107,-71.3824374,8,#B0EDA8,199,19A,0.023,0.016,0.19,0.094,,,2007,triangle,E,<6,ERR129170,CFIF02000001-CFIF02000135,CFIF01000000,0,0,0,0
IZQWI,42.4072107,-71.3824374,8,#B0EDA8,667,19A,0.023,0.023,0.125,0.064,,,2007,triangle,E,Jun-24,ERR129183,COEW02000001-COEW02000144,COEW01000000,0,0,0,0
1V4ME,42.4072107,-71.3824374,8,#B0EDA8,199,19A,0.094,0.094,0.125,0.064,,,2007,triangle,F,Jun-24,ERR129197,COFJ02000001-COFJ02000198,COFJ01000000,0,0,0,0
VQC7K,42.4072107,-71.3824374,8,#B0EDA8,199,19A,0.125,0.064,0.25,0.094,,,2007,triangle,F,Jun-24,ERR129209,CHXI02000001-CHXI02000144,CHXI01000000,0,0,0,0
KMMCT,42.4072107,-71.3824374,8,#B0EDA8,199,19A,0.094,0.064,0.125,0.064,,,2007,triangle,F,Jun-24,ERR124234,CNXW02000001-CNXW02000168,CNXW01000000,0,0,0,0
6JSY8,42.4072107,-71.3824374,8,#B0EDA8,199,19A,0.094,0.064,0.125,0.047,,,2007,triangle,G,Jun-24,ERR124269,CNZC02000001-CNZC02000221,CNZC01000000,0,0,0,0
0OH1I,42.4072107,-71.3824374,8,#B0EDA8,876,19A,0.094,0.064,0.5,8,,,2007,triangle,G,<6,ERR124270,CNZB02000001-CNZB02000184,CNZB01000000,1,1,0,1
LIW28,42.4072107,-71.3824374,8,#B0EDA8,667,19A,0.023,0.023,6,0.094,,,2007,triangle,H,24-36,ERR124280,CNZG02000001-CNZG02000171,CNZG01000000,0,0,0,0
6FXSQ,42.4072107,-71.3824374,8,#B0EDA8,667,19A,0.032,0.047,0.125,0.094,,,2007,triangle,H,36-84,ERR124281,CNZH02000001-CNZH02000180,CNZH01000000,0,0,0,0
2EAKR,42.4072107,-71.3824374,8,#B0EDA8,199,19A,0.125,0.094,3,0.094,,,2007,triangle,H,Jun-24,ERR124284,CNZK02000001-CNZK02000172,CNZK01000000,0,0,0,0
RMEOX,42.4072107,-71.3824374,8,#B0EDA8,1673,19A,0.125,0.094,0.125,0.064,,,2007,triangle,H,Jun-24,ERR124295,CFLR02000001-CFLR02000173,CFLR01000000,0,0,0,0
ATBLM,42.4072107,-71.3824374,8,#B0EDA8,199,19A,0.094,0.064,0.25,0.094,,,2007,triangle,H,36-84,ERR124315,CFIE02000001-CFIE02000159,CFIE01000000,0,0,0,0
R34-3049,42.4072107,-71.3824374,8,#B0EDA8,667,19A,<=0.03,<=0.25,<=0.25,<=0.06,<=0.50,2,2004,square,J,Jun-24,ERR065305,CNNU02000001-CNNU02000159,CNNU01000000,0,0,0,0
R34-3061,42.4072107,-71.3824374,8,#B0EDA8,667,19A,<=0.03,<=0.25,<=0.25,<=0.06,<=0.50,2,2004,square,G,24-36,ERR065317,CFQR02000001-CFQR02000182,CFQR01000000,0,0,0,0
R34-3068,42.4072107,-71.3824374,8,#B0EDA8,199,19A,0.12,<=0.25,<=0.25,<=0.06,<=0.50,2,2004,square,F,36-84,ERR065323,CNON02000001-CNON02000156,CNON01000000,0,0,0,0
R34-3073,42.4072107,-71.3824374,8,#B0EDA8,199,19A,0.06,<=0.25,<=0.25,<=0.06,<=0.50,2,2004,square,F,Jun-24,ERR065328,CNOP02000001-CNOP02000173,CNOP01000000,0,0,0,0
R34-3079,42.4072107,-71.3824374,8,#B0EDA8,199,19A,0.25,<=0.25,<=0.25,<=0.06,<=0.50,<=1.00,2004,square,D,Jun-24,ERR067984,CNWD02000001-CNWD02000161,CNWD01000000,0,0,0,0
R34-3103,42.4072107,-71.3824374,8,#B0EDA8,199,19A,<=0.03,<=0.25,1,<=0.06,<=0.50,2,2004,square,H,Jun-24,ERR068008,CNWS02000001-CNWS02000207,CNWS01000000,0,1,0,1
R34-3110,42.4072107,-71.3824374,8,#B0EDA8,1935,19A,<=0.03,<=0.25,<=0.25,<=0.06,<=0.50,2,2004,square,G,Jun-24,ERR068011,CHWW02000001-CHWW02000157,CHWW01000000,0,0,0,0
R34-3116,42.4072107,-71.3824374,8,#B0EDA8,199,19A,<=0.03,<=0.25,<=0.25,<=0.06,<=0.50,2,2004,square,L,Jun-24,ERR068017,CIIL02000001-CIIL02000166,CIIL01000000,0,0,0,0
R34-3124,42.4072107,-71.3824374,8,#B0EDA8,199,19A,0.06,<=0.25,<=0.25,<=0.06,<=0.50,2,2004,square,G,Jun-24,ERR068024,CNWM02000001-CNWM02000171,CNWM01000000,0,0,0,0
R34-3185,42.4072107,-71.3824374,8,#B0EDA8,199,19A,0.12,<=0.25,<=0.25,<=0.06,<=0.50,<=1.00,2004,square,L,24-36,ERR069684,CNQV02000001-CNQV02000177,CNQV01000000,0,0,0,0
R34-3197,42.4072107,-71.3824374,8,#B0EDA8,199,19A,0.12,<=0.25,<=0.25,<=0.06,<=0.50,2,2004,square,B,36-84,ERR069696,CNRD02000001-CNRD02000164,CNRD01000000,0,0,0,0
R34-3218,42.4072107,-71.3824374,8,#B0EDA8,199,19A,0.12,<=0.25,<=0.25,<=0.06,<=0.50,2,2004,square,B,36-84,ERR069717,CIDX02000001-CIDX02000166,CIDX01000000,0,0,0,0
95344,42.4072107,-71.3824374,8,#B0EDA8,199,7C,<0.03,<0.03,0.12/2,<0.03,0.12,,2001,circle,B,Jun-24,ERR069758,CHXD02000001-CHXD02000176,CHXD01000000,0,0,0,0
276430,42.4072107,-71.3824374,9,#A5C4D9,SLV42,18C,<0.03,<0.03,<0.06/,<0.03,<0.06,,2001,circle,I,36-84,ERR069807,CNUF02000001-CNUF02000133,CNUF01000000,0,0,0,0
154389,42.4072107,-71.3824374,9,#A5C4D9,436,23A,<0.03,<0.03,0.12/2,<0.03,0.25,,2001,circle,N,Jun-24,ERR069780,CIIJ02000001-CIIJ02000130,CIIJ01000000,0,0,0,0
354557,42.4072107,-71.3824374,9,#A5C4D9,436,23A,<0.03,<0.03,0.12/2,0.06,0.25,,2001,circle,N,36-84,ERR069826,CNVQ02000001-CNVQ02000141,CNVQ01000000,0,0,0,0
ON38S,42.4072107,-71.3824374,9,#A5C4D9,42,23A,0.023,0.023,0.38,0.094,,,2007,triangle,J,36-84,ERR129055,CHBW02000001-CHBW02000122,CHBW01000000,0,0,0,0
5ZS1X,42.4072107,-71.3824374,9,#A5C4D9,439,23A,0.023,0.023,0.064,0.047,,,2007,triangle,J,36-84,ERR129065,COBI02000001-COBI02000125,COBI01000000,0,0,0,0
9T42W,42.4072107,-71.3824374,9,#A5C4D9,438,23A,0.064,0.064,0.38,0.064,,,2007,triangle,C,<6,ERR129076,COBU02000001-COBU02000163,COBU01000000,0,0,0,0
TEF7S,42.4072107,-71.3824374,9,#A5C4D9,190,23A,0.023,0.023,0.19,0.094,,,2007,triangle,C,Jun-24,ERR129082,COBX02000001-COBX02000126,COBX01000000,0,0,0,0
2AHBE,42.4072107,-71.3824374,9,#A5C4D9,438,23A,0.023,0.023,0.125,0.094,,,2007,triangle,C,Jun-24,ERR129098,COCN02000001-COCN02000165,COCN01000000,0,0,0,0
J9GMM,42.4072107,-71.3824374,9,#A5C4D9,1839,23A,0.19,0.094,12,12,,,2007,triangle,I,36-84,ERR129106,CFRC02000001-CFRC02000134,CFRC01000000,1,0,0,0
YHPD0,42.4072107,-71.3824374,9,#A5C4D9,1839,23A,0.023,0.032,0.19,0.094,,,2007,triangle,I,Jun-24,ERR129116,CFLU02000001-CFLU02000113,CFLU01000000,0,0,0,0
CJISL,42.4072107,-71.3824374,9,#A5C4D9,42,23A,0.023,0.023,0.094,0.094,,,2007,triangle,D,24-36,ERR129133,CODI02000001-CODI02000132,CODI01000000,0,0,0,0
LIT4Q,42.4072107,-71.3824374,9,#A5C4D9,1839,23A,0.023,0.032,0.25,0.094,,,2007,triangle,D,Jun-24,ERR129141,CODP02000001-CODP02000123,CODP01000000,0,0,0,0
ZXPKH,42.4072107,-71.3824374,9,#A5C4D9,42,23A,0.023,0.023,0.125,0.064,,,2007,triangle,D,Jun-24,ERR129146,CODO02000001-CODO02000122,CODO01000000,0,0,0,0
94ORH,42.4072107,-71.3824374,9,#A5C4D9,42,23A,0.032,0.016,0.19,0.064,,,2007,triangle,F,Jun-24,ERR129205,COFL02000001-COFL02000120,COFL01000000,0,0,0,0
Y0160,42.4072107,-71.3824374,9,#A5C4D9,SLV3289,23A,0.023,0.023,0.19,0.094,,,2007,triangle,H,Jun-24,ERR124287,CNZN02000001-CNZN02000343,CNZN01000000,0,0,0,0
R34-3050,42.4072107,-71.3824374,9,#A5C4D9,SLV1949,23A,<=0.03,<=0.25,<=0.25,<=0.06,<=0.50,<=1.00,2004,square,J,36-84,ERR065306,CNNW02000001-CNNW02000134,CNNW01000000,0,0,0,0
R34-3051,42.4072107,-71.3824374,9,#A5C4D9,438,23A,<=0.03,<=0.25,<=0.25,<=0.06,<=0.50,<=1.00,2004,square,G,Jun-24,ERR065307,CNNX02000001-CNNX02000132,CNNX01000000,0,0,0,0
R34-3055,42.4072107,-71.3824374,9,#A5C4D9,1839,23A,<=0.03,<=0.25,<=0.25,<=0.06,<=0.50,<=1.00,2004,square,F,Jun-24,ERR065311,CNOB02000001-CNOB02000116,CNOB01000000,0,0,0,0
R34-3057,42.4072107,-71.3824374,9,#A5C4D9,438,23A,<=0.03,<=0.25,<=0.25,<=0.06,<=0.50,<=1.00,2004,square,G,Jun-24,ERR065313,CNOC02000001-CNOC02000132,CNOC01000000,0,0,0,0
R34-3067,42.4072107,-71.3824374,9,#A5C4D9,1839,23A,1,<=0.25,>2.00,<=0.06,<=0.50,<=1.00,2004,square,F,24-36,ERR065322,CNOM02000001-CNOM02000120,CNOM01000000,0,0,0,0
R34-3127,42.4072107,-71.3824374,9,#A5C4D9,1839,23A,<=0.03,<=0.25,<=0.25,<=0.06,<=0.50,<=1.00,2004,square,G,36-84,ERR068027,CNWX02000001-CNWX02000135,CNWX01000000,0,0,0,0
R34-3174,42.4072107,-71.3824374,9,#A5C4D9,1839,23A,<=0.03,<=0.25,<=0.25,<=0.06,<=0.50,<=1.00,2004,square,M,36-84,ERR067973,CNQG02000001-CNQG02000122,CNQG01000000,0,0,0,0
R34-3177,42.4072107,-71.3824374,9,#A5C4D9,42,23A,<=0.03,<=0.25,<=0.25,<=0.06,<=0.50,<=1.00,2004,square,F,Jun-24,ERR067976,CNQI02000001-CNQI02000133,CNQI01000000,0,0,0,0
248734,42.4072107,-71.3824374,9,#A5C4D9,439,23B,<0.03,<0.03,0.25/4,<0.03,0.25,,2001,circle,D,Jun-24,ERR069802,CNUZ02000001-CNUZ02000132,CNUZ01000000,0,0,0,0
FOR95,42.4072107,-71.3824374,9,#A5C4D9,36,23B,0.047,0.032,0.125,0.064,,,2007,triangle,J,24-36,ERR129029,COBO02000001-COBO02000110,COBO01000000,0,0,0,0
QRPPW,42.4072107,-71.3824374,9,#A5C4D9,36,23B,0.023,0.023,0.19,0.094,,,2007,triangle,J,<6,ERR129052,COAY02000001-COAY02000102,COAY01000000,0,0,0,0
C3W41,42.4072107,-71.3824374,9,#A5C4D9,1847,23B,0.023,0.032,0.064,0.064,,,2007,triangle,C,Jun-24,ERR129100,COCM02000001-COCM02000195,COCM01000000,0,0,0,0
DYJGL,42.4072107,-71.3824374,9,#A5C4D9,439,23B,0.023,0.023,0.38,0.064,,,2007,triangle,I,36-84,ERR129107,CFJZ02000001-CFJZ02000126,CFJZ01000000,0,0,0,0
WCULS,42.4072107,-71.3824374,9,#A5C4D9,439,23B,0.016,0.023,0.094,0.064,,,2007,triangle,I,Jun-24,ERR129122,CFLP02000001-CFLP02000149,CFLP01000000,0,0,0,0
3MB4Z,42.4072107,-71.3824374,9,#A5C4D9,439,23B,0.023,0.023,0.19,0.047,,,2007,triangle,D,Jun-24,ERR129147,CHXF02000001-CHXF02000126,CHXF01000000,0,0,0,0
WYMQI,42.4072107,-71.3824374,9,#A5C4D9,439,23B,0.023,0.032,0.19,0.064,,,2007,triangle,D,24-36,ERR129155,CODY02000001-CODY02000154,CODY01000000,0,0,0,0
BDGWM,42.4072107,-71.3824374,9,#A5C4D9,1847,23B,0.016,0.023,0.094,0.032,,,2007,triangle,D,Jun-24,ERR129161,COEE02000001-COEE02000145,COEE01000000,0,0,0,0
8A4VR,42.4072107,-71.3824374,9,#A5C4D9,36,23B,0.047,0.023,0.19,0.094,,,2007,triangle,E,Jun-24,ERR129171,COEN02000001-COEN02000136,COEN01000000,0,0,0,0
DP07V,42.4072107,-71.3824374,9,#A5C4D9,1448,23B,0.023,0.023,0.094,0.094,,,2007,triangle,F,Jun-24,ERR129192,COFB02000001-COFB02000137,COFB01000000,0,0,0,0
7LLCL,42.4072107,-71.3824374,9,#A5C4D9,1847,23B,0.023,0.032,0.19,0.064,,,2007,triangle,F,<6,ERR129208,CFRL02000001-CFRL02000152,CFRL01000000,0,0,0,0
T7IZ1,42.4072107,-71.3824374,9,#A5C4D9,36,23B,0.023,0.032,0.125,0.064,,,2007,triangle,F,Jun-24,ERR124219,CHIR02000001-CHIR02000127,CHIR01000000,0,0,0,0
LFB15,42.4072107,-71.3824374,9,#A5C4D9,439,23B,0.023,0.032,0.125,0.094,,,2007,triangle,F,Jun-24,ERR124238,CFKB02000001-CFKB02000139,CFKB01000000,0,0,0,0
04WB3,42.4072107,-71.3824374,9,#A5C4D9,1847,23B,0.023,0.023,0.094,0.047,,,2007,triangle,G,36-84,ERR124245,CNYE02000001-CNYE02000256,CNYE01000000,0,0,0,0
R34-3019,42.4072107,-71.3824374,9,#A5C4D9,439,23B,<=0.03,<=0.25,<=0.25,<=0.06,<=0.50,2,2004,square,I,36-84,ERR065345,CNPB02000001-CNPB02000176,CNPB01000000,0,0,0,0
R34-3020,42.4072107,-71.3824374,9,#A5C4D9,439,23B,<=0.03,<=0.25,<=0.25,<=0.06,<=0.50,2,2004,square,I,36-84,ERR065346,CNOS02000001-CNOS02000156,CNOS01000000,0,0,0,0
R34-3022,42.4072107,-71.3824374,9,#A5C4D9,1847,23B,<=0.03,<=0.25,<=0.25,<=0.06,<=0.50,2,2004,square,I,36-84,ERR065348,CNOU02000001-CNOU02000171,CNOU01000000,0,0,0,0
R34-3114,42.4072107,-71.3824374,9,#A5C4D9,439,23B,<=0.03,<=0.25,<=0.25,<=0.06,<=0.50,2,2004,square,L,36-84,ERR068015,CIKP02000001-CIKP02000140,CIKP01000000,0,0,0,0
R34-3169,42.4072107,-71.3824374,9,#A5C4D9,439,23B,<=0.03,<=0.25,<=0.25,<=0.06,<=0.50,2,2004,square,L,36-84,ERR067967,CHBH02000001-CHBH02000154,CHBH01000000,0,0,0,0
R34-3195,42.4072107,-71.3824374,9,#A5C4D9,439,23B,<=0.03,<=0.25,<=0.25,>0.50,<=0.50,2,2004,square,C,24-36,ERR069694,CNRC02000001-CNRC02000153,CNRC01000000,1,1,0,1
49470,42.4072107,-71.3824374,9,#A5C4D9,629,23F,0.06,0.12,Jan-19,<0.03,0.25,,2001,circle,M,24-36,ERR069743,CNSG02000001-CNSG02000138,CNSG01000000,0,0,0,0
151684,42.4072107,-71.3824374,9,#A5C4D9,33,23F,<0.03,<0.03,Jan-19,>1,0.25,,2001,circle,L,36-84,ERR069777,CNUI02000001-CNUI02000134,CNUI01000000,1,1,0,1
203692,42.4072107,-71.3824374,9,#A5C4D9,36,23F,<0.03,<0.03,,<0.03,0.12,,2001,circle,O,24-36,ERR069790,CNTX02000001-CNTX02000130,CNTX01000000,0,0,0,0
239434,42.4072107,-71.3824374,9,#A5C4D9,36,23F,<0.03,<0.03,0.12/2,<0.03,<0.06,,2001,circle,B,36-84,ERR069800,CFLL02000001-CFLL02000125,CFLL01000000,0,0,0,0
365502,42.4072107,-71.3824374,9,#A5C4D9,439,23F,>4,>2,0.25/4,<0.03,0.25,,2001,circle,J,Jun-24,ERR069830,CHBM02000001-CHBM02000160,CHBM01000000,0,0,0,0
462956,42.4072107,-71.3824374,9,#A5C4D9,36,23F,0.12,0.06,Apr-76,<0.03,0.12,,2001,circle,H,36-84,ERR065966,CNPO02000001-CNPO02000210,CNPO01000000,0,0,0,0
R34-3013,42.4072107,-71.3824374,9,#A5C4D9,1908,23F,1,0.5,>2.00,<=0.06,<=0.50,<=1.00,2004,square,D,36-84,ERR065339,CNOW02000001-CNOW02000132,CNOW01000000,0,0,0,0
R34-3029,42.4072107,-71.3824374,9,#A5C4D9,36,23F,<=0.03,<=0.25,<=0.25,<=0.06,<=0.50,2,2004,square,C,36-84,ERR065355,CNOZ02000001-CNOZ02000109,CNOZ01000000,0,0,0,0
R34-3076,42.4072107,-71.3824374,9,#A5C4D9,36,23F,<=0.03,<=0.25,<=0.25,<=0.06,<=0.50,2,2004,square,F,24-36,ERR065331,CNOQ02000001-CNOQ02000102,CNOQ01000000,0,0,0,0
R34-3181,42.4072107,-71.3824374,9,#A5C4D9,1909,23F,<=0.03,<=0.25,>2.00,<=0.06,<=0.50,2,2004,square,H,36-84,ERR067980,CNQP02000001-CNQP02000144,CNQP01000000,0,0,0,0
93209,42.4072107,-71.3824374,10,#FA8500,1379,6C,<0.03,<0.03,0.25/4,<0.03,0.25,,2001,circle,J,36-84,ERR069757,CNTL02000001-CNTL02000120,CNTL01000000,0,0,0,0
119571,42.4072107,-71.3824374,10,#FA8500,1390,6C,<0.03,<0.03,0.25/4,<0.03,0.25,,2001,circle,I,36-84,ERR069766,CNTA02000001-CNTA02000137,CNTA01000000,0,0,0,0
291880,42.4072107,-71.3824374,10,#FA8500,1390,6C,<0.03,<0.03,0.25/4,<0.03,0.25,,2001,circle,K,36-84,ERR069811,CNUO02000001-CNUO02000165,CNUO01000000,0,0,0,0
NB8E4,42.4072107,-71.3824374,10,#FA8500,1390,6C,0.023,0.032,0.19,0.064,,,2007,triangle,J,Jun-24,ERR129039,COAN02000001-COAN02000156,COAN01000000,0,0,0,0
QQK9Y,42.4072107,-71.3824374,10,#FA8500,1379,6C,0.016,0.016,0.25,0.064,,,2007,triangle,J,24-36,ERR129048,CRYL02000001-CRYL02000106,CRYL01000000,0,0,0,0
SEOTT,42.4072107,-71.3824374,10,#FA8500,1379,6C,0.016,0.023,0.19,0.064,,,2007,triangle,I,36-84,ERR129111,COCV02000001-COCV02000132,COCV01000000,0,0,0,0
ODNWT,42.4072107,-71.3824374,10,#FA8500,1379,6C,0.5,0.38,8,2,,,2007,triangle,D,Jun-24,ERR129145,CFLY02000001-CFLY02000125,CFLY01000000,1,1,0,1
V5VF1,42.4072107,-71.3824374,10,#FA8500,1390,6C,0.023,0.023,0.19,0.064,,,2007,triangle,D,Jun-24,ERR129152,CODV02000001-CODV02000116,CODV01000000,0,0,0,0
PHY03,42.4072107,-71.3824374,10,#FA8500,1390,6C,0.032,0.032,0.19,0.064,,,2007,triangle,E,Jun-24,ERR129169,COEL02000001-COEL02000167,COEL01000000,0,0,0,0
8CRCE,42.4072107,-71.3824374,10,#FA8500,1390,6C,0.023,0.023,0.38,0.094,,,2007,triangle,F,36-84,ERR129203,COFK02000001-COFK02000146,COFK01000000,0,0,0,0
PWGX0,42.4072107,-71.3824374,10,#FA8500,1379,6C,0.023,0.023,0.38,0.064,,,2007,triangle,F,Jun-24,ERR124217,CNXT02000001-CNXT02000165,CNXT01000000,0,0,0,0
6PU39,42.4072107,-71.3824374,10,#FA8500,1390,6C,0.023,0.023,0.19,0.064,,,2007,triangle,F,36-84,ERR124232,CNXZ02000001-CNXZ02000170,CNXZ01000000,0,0,0,0
NKLJL,42.4072107,-71.3824374,10,#FA8500,1379,6C,0.023,0.016,0.25,0.094,,,2007,triangle,G,36-84,ERR124253,CNYP02000001-CNYP02000211,CNYP01000000,0,0,0,0
3JK7Y,42.4072107,-71.3824374,10,#FA8500,1390,6C,0.023,0.023,1,0.094,,,2007,triangle,G,<6,ERR124254,CNYT02000001-CNYT02000174,CNYT01000000,0,0,0,0
057G3,42.4072107,-71.3824374,10,#FA8500,1390,6C,0.016,0.023,1,0.032,,,2007,triangle,G,Jun-24,ERR124264,CNYU02000001-CNYU02000162,CNYU01000000,0,0,0,0
4XILA,42.4072107,-71.3824374,10,#FA8500,1379,6C,0.5,0.38,3,1.5,,,2007,triangle,G,Jun-24,ERR124266,CNZA02000001-CNZA02000167,CNZA01000000,1,1,0,1
LY288,42.4072107,-71.3824374,10,#FA8500,1379,6C,0.5,0.38,3,1.5,,,2007,triangle,H,24-36,ERR124305,CIIT02000001-CIIT02000152,CIIT01000000,1,1,0,1
QU2WM,42.4072107,-71.3824374,10,#FA8500,1379,6C,0.5,0.38,4,1.5,,,2007,triangle,H,Jun-24,ERR124310,CHXC02000001-CHXC02000156,CHXC01000000,1,1,0,1
QD0ZV,42.4072107,-71.3824374,10,#FA8500,1390,6C,0.023,0.023,0.25,0.094,,,2007,triangle,H,36-84,ERR124317,CHXJ02000001-CHXJ02000141,CHXJ01000000,0,0,0,0
R34-3041,42.4072107,-71.3824374,10,#FA8500,1390,6C,<=0.03,<=0.25,2,<=0.06,<=0.50,2,2004,square,J,36-84,ERR065298,CNNM02000001-CNNM02000151,CNNM01000000,0,0,0,0
R34-3060,42.4072107,-71.3824374,10,#FA8500,1379,6C,<=0.03,<=0.25,<=0.25,<=0.06,<=0.50,2,2004,square,G,<6,ERR065316,CNOF02000001-CNOF02000144,CNOF01000000,0,1,0,1
R34-3072,42.4072107,-71.3824374,10,#FA8500,1390,6C,<=0.03,<=0.25,<=0.25,<=0.06,<=0.50,2,2004,square,F,36-84,ERR065327,CNOO02000001-CNOO02000138,CNOO01000000,0,0,0,0
R34-3089,42.4072107,-71.3824374,10,#FA8500,1390,6C,<=0.03,<=0.25,<=0.25,<=0.06,<=0.50,2,2004,square,M,36-84,ERR067994,CNVY02000001-CNVY02000202,CNVY01000000,0,0,0,0
R34-3092,42.4072107,-71.3824374,10,#FA8500,1390,6C,<=0.03,<=0.25,1,<=0.06,<=0.50,2,2004,square,D,Jun-24,ERR067997,CNWB02000001-CNWB02000152,CNWB01000000,0,0,0,0
R34-3125,42.4072107,-71.3824374,10,#FA8500,1390,6C,<=0.03,<=0.25,2,<=0.06,<=0.50,2,2004,square,G,Jun-24,ERR068025,CNWP02000001-CNWP02000180,CNWP01000000,0,0,0,0
R34-3053,42.4072107,-71.3824374,10,#FA8500,1379,NT,<=0.03,<=0.25,<=0.25,>0.50,<=0.50,4,2004,square,P,Jun-24,ERR065309,CNNZ02000001-CNNZ02000133,CNNZ01000000,1,1,0,1
7649,42.4072107,-71.3824374,11,#B89C7D,558,35B,2,0.5,0.25/4,>1,0.25,,2001,circle,J,36-84,ERR069733,CNSZ02000001-CNSZ02000102,CNSZ01000000,1,1,0,1
67094,42.4072107,-71.3824374,11,#B89C7D,558,35B,2,1,0.25/4,<0.03,0.25,,2001,circle,F,Jun-24,ERR069749,CNSL02000001-CNSL02000116,CNSL01000000,0,0,0,0
T8Z8O,42.4072107,-71.3824374,11,#B89C7D,558,35B,1.5,1,0.19,0.064,,,2007,triangle,J,Jun-24,ERR129035,COAL02000001-COAL02000109,COAL01000000,0,0,0,0
F77ZH,42.4072107,-71.3824374,11,#B89C7D,558,35B,1.5,1,0.19,0.064,,,2007,triangle,C,36-84,ERR129074,CHXB02000001-CHXB02000118,CHXB01000000,0,0,0,0
4K4C9,42.4072107,-71.3824374,11,#B89C7D,558,35B,1.5,0.5,0.19,0.047,,,2007,triangle,C,Jun-24,ERR129086,COCI02000001-COCI02000152,COCI01000000,0,0,0,0
QWSZT,42.4072107,-71.3824374,11,#B89C7D,558,35B,1.5,1,0.125,4,,,2007,triangle,C,<6,ERR129087,COCD02000001-COCD02000108,COCD01000000,1,1,0,1
4PYM0,42.4072107,-71.3824374,11,#B89C7D,558,35B,1.5,1,0.19,0.094,,,2007,triangle,C,36-84,ERR129089,COCG02000001-COCG02000169,COCG01000000,0,0,0,0
WAMFH,42.4072107,-71.3824374,11,#B89C7D,558,35B,1.5,0.75,0.125,0.064,,,2007,triangle,C,Jun-24,ERR129099,COCQ02000001-COCQ02000117,COCQ01000000,0,0,0,0
W8IHX,42.4072107,-71.3824374,11,#B89C7D,558,35B,1.5,1,1,0.064,,,2007,triangle,I,Jun-24,ERR129104,COCS02000001-COCS02000166,COCS01000000,0,0,0,0
9D25H,42.4072107,-71.3824374,11,#B89C7D,558,35B,1.5,1,1.5,0.064,,,2007,triangle,I,36-84,ERR129119,CODF02000001-CODF02000144,CODF01000000,0,0,0,0
P1NM2,42.4072107,-71.3824374,11,#B89C7D,3277,35B,2,1,0.19,0.064,,,2007,triangle,D,24-36,ERR129134,CODJ02000001-CODJ02000133,CODJ01000000,0,0,0,0
0U64I,42.4072107,-71.3824374,11,#B89C7D,558,35B,0.75,0.75,0.38,0.064,,,2007,triangle,D,Jun-24,ERR129143,CODM02000001-CODM02000124,CODM01000000,0,0,0,0
UTEDZ,42.4072107,-71.3824374,11,#B89C7D,558,35B,1,0.75,0.19,0.047,,,2007,triangle,D,Jun-24,ERR129148,CODQ02000001-CODQ02000190,CODQ01000000,0,0,0,0
B1KMB,42.4072107,-71.3824374,11,#B89C7D,558,35B,1.5,1,0.19,0.064,,,2007,triangle,E,Jun-24,ERR129163,COEK02000001-COEK02000161,COEK01000000,0,0,0,0
AFVC5,42.4072107,-71.3824374,11,#B89C7D,558,35B,1.5,1,0.19,16,,,2007,triangle,E,Jun-24,ERR129173,COEP02000001-COEP02000138,COEP01000000,1,1,0,1
REAOU,42.4072107,-71.3824374,11,#B89C7D,558,35B,2,1.5,0.25,0.094,,,2007,triangle,E,Jun-24,ERR129179,CHXN02000001-CHXN02000128,CHXN01000000,0,0,0,0
0NWX9,42.4072107,-71.3824374,11,#B89C7D,558,35B,1.5,1,0.38,>256,,,2007,triangle,F,<6,ERR129200,COFI02000001-COFI02000147,COFI01000000,1,0,0,0
1VDX8,42.4072107,-71.3824374,11,#B89C7D,558,35B,2,1,0.19,0.047,,,2007,triangle,F,36-84,ERR124236,CNYG02000001-CNYG02000171,CNYG01000000,0,0,0,0
CCV1H,42.4072107,-71.3824374,11,#B89C7D,558,35B,1.5,0.75,0.125,0.032,,,2007,triangle,F,Jun-24,ERR124241,CNYD02000001-CNYD02000180,CNYD01000000,0,0,0,0
W9GKO,42.4072107,-71.3824374,11,#B89C7D,558,35B,1,1,>32,6,,,2007,triangle,G,Jun-24,ERR124250,CNYR02000001-CNYR02000141,CNYR01000000,1,1,0,1
LS3OB,42.4072107,-71.3824374,11,#B89C7D,558,35B,1.5,1,0.125,0.047,,,2007,triangle,G,36-84,ERR124273,CFJU02000001-CFJU02000211,CFJU01000000,0,0,0,0
RS9D2,42.4072107,-71.3824374,11,#B89C7D,558,35B,1.5,1,1,0.047,,,2007,triangle,G,Jun-24,ERR124275,CNZF02000001-CNZF02000316,CNZF01000000,0,0,0,0
6893Z,42.4072107,-71.3824374,11,#B89C7D,558,35B,1.5,1,0.125,0.094,,,2007,triangle,G,Jun-24,ERR124277,CFQY02000001-CFQY02000193,CFQY01000000,0,0,0,0
81LMX,42.4072107,-71.3824374,11,#B89C7D,558,35B,1.5,1,0.19,0.094,,,2007,triangle,H,Jun-24,ERR124279,CNZI02000001-CNZI02000208,CNZI01000000,0,0,0,0
BZ2I7,42.4072107,-71.3824374,11,#B89C7D,558,35B,1.5,1.5,0.125,0.064,,,2007,triangle,H,Jun-24,ERR124290,CNZO02000001-CNZO02000220,CNZO01000000,0,0,0,0
O0RHB,42.4072107,-71.3824374,11,#B89C7D,558,35B,1.5,1,0.19,0.064,,,2007,triangle,H,Jun-24,ERR124293,CHBS02000001-CHBS02000240,CHBS01000000,0,0,0,0
O61U7,42.4072107,-71.3824374,11,#B89C7D,558,35B,1.5,0.75,0.19,0.064,,,2007,triangle,H,Jun-24,ERR124299,CNZT02000001-CNZT02000253,CNZT01000000,0,0,0,0
O8I1E,42.4072107,-71.3824374,11,#B89C7D,558,35B,1,0.5,0.25,0.094,,,2007,triangle,H,Jun-24,ERR124301,CNZV02000001-CNZV02000240,CNZV01000000,0,0,0,0
JBYFY,42.4072107,-71.3824374,11,#B89C7D,558,35B,1.5,1,0.19,0.064,,,2007,triangle,H,Jun-24,ERR124316,COAG02000001-COAG02000101,COAG01000000,0,0,0,0
R34-3025,42.4072107,-71.3824374,11,#B89C7D,558,35B,1,0.5,0.5,<=0.06,<=0.50,2,2004,square,M,Jun-24,ERR065351,CNPL02000001-CNPL02000147,CNPL01000000,0,0,0,0
R34-3044,42.4072107,-71.3824374,11,#B89C7D,558,35B,1,1,<=0.25,<=0.06,<=0.50,2,2004,square,F,24-36,ERR065300,CNNL02000001-CNNL02000120,CNNL01000000,0,0,0,0
R34-3069,42.4072107,-71.3824374,11,#B89C7D,558,35B,0.06,0.5,>2.00,<=0.06,<=0.50,2,2004,square,F,Jun-24,ERR065324,CNOL02000001-CNOL02000127,CNOL01000000,0,0,0,0
R34-3074,42.4072107,-71.3824374,11,#B89C7D,558,35B,0.06,0.5,<=0.25,<=0.06,<=0.50,2,2004,square,F,Jun-24,ERR065329,CNOV02000001-CNOV02000167,CNOV01000000,0,0,0,0
R34-3083,42.4072107,-71.3824374,11,#B89C7D,558,35B,2,1,<=0.25,<=0.06,<=0.50,2,2004,square,D,36-84,ERR067988,CNWN02000001-CNWN02000132,CNWN01000000,0,0,0,0
R34-3087,42.4072107,-71.3824374,11,#B89C7D,558,35B,1,0.5,<=0.25,<=0.06,<=0.50,2,2004,square,M,36-84,ERR067992,CNVX02000001-CNVX02000118,CNVX01000000,0,0,0,0
R34-3097,42.4072107,-71.3824374,11,#B89C7D,558,35B,2,0.5,<=0.25,<=0.06,<=0.50,2,2004,square,H,36-84,ERR068002,CNWG02000001-CNWG02000226,CNWG01000000,0,0,0,0
R34-3119,42.4072107,-71.3824374,11,#B89C7D,558,35B,1,0.5,2,<=0.06,<=0.50,2,2004,square,L,Jun-24,ERR068019,CNWT02000001-CNWT02000111,CNWT01000000,0,0,0,0
R34-3131,42.4072107,-71.3824374,11,#B89C7D,558,35B,2,1,<=0.25,<=0.06,<=0.50,2,2004,square,G,Jun-24,ERR068029,CNXA02000001-CNXA02000127,CNXA01000000,0,0,0,0
R34-3139,42.4072107,-71.3824374,11,#B89C7D,558,35B,2,1,<=0.25,<=0.06,<=0.50,2,2004,square,L,36-84,ERR068033,CNXR02000001-CNXR02000163,CNXR01000000,0,0,0,0
R34-3164,42.4072107,-71.3824374,11,#B89C7D,1947,35B,2,1,<=0.25,<=0.06,<=0.50,2,2004,square,B,<6,ERR067962,CNQO02000001-CNQO02000143,CNQO01000000,0,0,0,0
R34-3165,42.4072107,-71.3824374,11,#B89C7D,558,35B,2,1,<=0.25,>0.50,<=0.50,2,2004,square,B,<6,ERR067963,CNQN02000001-CNQN02000116,CNQN01000000,1,1,0,1
R34-3172,42.4072107,-71.3824374,11,#B89C7D,3632,35B,2,1,<=0.25,>0.50,>4.00,2,2004,square,E,Jun-24,ERR067970,CNQC02000001-CNQC02000182,CNQC01000000,1,1,0,1
R34-3204,42.4072107,-71.3824374,11,#B89C7D,558,35B,2,1,<=0.25,<=0.06,<=0.50,2,2004,square,L,36-84,ERR069703,CNQS02000001-CNQS02000159,CNQS01000000,0,0,0,0
R34-3227,42.4072107,-71.3824374,11,#B89C7D,558,35B,2,1,<=0.25,<=0.06,<=0.50,2,2004,square,M,<6,ERR069726,CNRW02000001-CNRW02000170,CNRW01000000,0,0,0,0
R34-3229,42.4072107,-71.3824374,11,#B89C7D,558,35B,2,1,<=0.25,<=0.06,<=0.50,2,2004,square,M,Jun-24,ERR069728,CNRY02000001-CNRY02000138,CNRY01000000,0,0,0,0
403790,42.4072107,-71.3824374,12,#DEAFDC,1054,NT,<0.03,<0.03,0.5/9.,1,0.12,,2001,circle,P,36-84,ERR069841,CNVO02000001-CNVO02000197,CNVO01000000,1,0,0,0
462746,42.4072107,-71.3824374,12,#DEAFDC,448,NT,<0.03,<0.03,0.12/2,>1,0.25,,2001,circle,E,36-84,ERR065965,CNPK02000001-CNPK02000180,CNPK01000000,1,1,0,1
508907,42.4072107,-71.3824374,12,#DEAFDC,448,NT,<0.03,<0.03,0.25/4,<0.03,0.25,,2001,circle,O,24-36,ERR065974,CNPU02000001-CNPU02000205,CNPU01000000,0,0,0,0
68G2D,42.4072107,-71.3824374,12,#DEAFDC,448,NT,<0.016,0.023,0.125,0.064,,,2007,triangle,D,<6,ERR129130,CODC02000001-CODC02000201,CODC01000000,0,0,0,0
WVCE6,42.4072107,-71.3824374,12,#DEAFDC,448,NT,<0.016,<0.016,0.125,0.094,,,2007,triangle,H,Jun-24,ERR124278,CFQQ02000001-CFQQ02000209,CFQQ01000000,0,0,0,0
R34-3015,42.4072107,-71.3824374,12,#DEAFDC,448,NT,<=0.03,<=0.25,<=0.25,<=0.06,<=0.50,2,2004,square,D,Jun-24,ERR065341,CNPF02000001-CNPF02000171,CNPF01000000,0,0,0,0
R34-3032,42.4072107,-71.3824374,12,#DEAFDC,448,NT,<=0.03,<=0.25,<=0.25,<=0.06,<=0.50,2,2004,square,C,36-84,ERR065289,CFQL02000001-CFQL02000166,CFQL01000000,0,0,0,0
R34-3039,42.4072107,-71.3824374,12,#DEAFDC,448,NT,0.12,<=0.25,<=0.25,<=0.06,<=0.50,2,2004,square,C,36-84,ERR065296,CNNO02000001-CNNO02000165,CNNO01000000,0,0,0,0
15445,42.4072107,-71.3824374,13,#9E2E9A,1876,6A,0.5,0.25,0.25/4,>1,0.25,,2001,circle,A,36-84,ERR069734,CNTB02000001-CNTB02000210,CNTB01000000,1,1,0,1
42861,42.4072107,-71.3824374,13,#9E2E9A,SLV1911,6A,0.12,0.06,0.25/4,<0.03,0.5,,2001,circle,P,36-84,ERR069741,CNSE02000001-CNSE02000269,CNSE01000000,0,0,0,0
101058,42.4072107,-71.3824374,13,#9E2E9A,690,6A,0.06,0.06,0.12/2,<0.03,0.25,,2001,circle,K,36-84,ERR069759,CHBL02000001-CHBL02000162,CHBL01000000,0,0,0,0
166637,42.4072107,-71.3824374,13,#9E2E9A,473,6A,0.5,0.25,0.25/4,>1,0.5,,2001,circle,E,Jun-24,ERR069784,CNTU02000001-CNTU02000140,CNTU01000000,1,1,0,1
181272,42.4072107,-71.3824374,13,#9E2E9A,1876,6A,0.5,0.25,0.25/4,>1,0.5,,2001,circle,K,Jun-24,ERR069788,CNTW02000001-CNTW02000159,CNTW01000000,1,1,0,1
359370,42.4072107,-71.3824374,13,#9E2E9A,1876,6A,0.5,0.25,0.25/4,>1,0.25,,2001,circle,L,36-84,ERR069827,CNVT02000001-CNVT02000171,CNVT01000000,1,1,0,1
420881,42.4072107,-71.3824374,13,#9E2E9A,1940,6A,0.25,0.25,0.25/4,>1,0.25,,2001,circle,L,36-84,ERR065953,CIDS02000001-CIDS02000271,CIDS01000000,1,1,0,1
0TN5H,42.4072107,-71.3824374,13,#9E2E9A,1876,6A,0.38,0.19,0.125,3,,,2007,triangle,C,36-84,ERR129092,COCJ02000001-COCJ02000186,COCJ01000000,1,1,0,1
R34-3027,42.4072107,-71.3824374,13,#9E2E9A,473,6A,0.12,<=0.25,<=0.25,>0.50,>4.00,2,2004,square,M,36-84,ERR065353,CNPD02000001-CNPD02000178,CNPD01000000,1,1,0,1
R34-3096,42.4072107,-71.3824374,13,#9E2E9A,1928,6A,0.25,<=0.25,<=0.25,>0.50,<=0.50,2,2004,square,H,Jun-24,ERR068001,CNWF02000001-CNWF02000192,CNWF01000000,1,1,0,1
R34-3099,42.4072107,-71.3824374,13,#9E2E9A,1927,6A,0.25,<=0.25,<=0.25,>0.50,<=0.50,2,2004,square,H,Jun-24,ERR068004,CFIP02000001-CFIP02000154,CFIP01000000,1,1,0,1
R34-3151,42.4072107,-71.3824374,13,#9E2E9A,1876,6A,0.25,<=0.25,<=0.25,>0.50,<=0.50,2,2004,square,B,Jun-24,ERR068043,CNXG02000001-CNXG02000253,CNXG01000000,1,1,0,1
R34-3180,42.4072107,-71.3824374,13,#9E2E9A,690,6A,0.12,<=0.25,<=0.25,<=0.06,<=0.50,2,2004,square,H,36-84,ERR067979,CNQL02000001-CNQL02000260,CNQL01000000,0,0,0,0
R34-3210,42.4072107,-71.3824374,13,#9E2E9A,1876,6A,0.5,<=0.25,<=0.25,>0.50,<=0.50,2,2004,square,L,Jun-24,ERR069709,CHIO02000001-CHIO02000157,CHIO01000000,1,1,0,1
R34-3211,42.4072107,-71.3824374,13,#9E2E9A,1876,6A,0.25,<=0.25,<=0.25,>0.50,<=0.50,2,2004,square,L,Jun-24,ERR069710,CNSA02000001-CNSA02000196,CNSA01000000,1,1,0,1
R34-3100,42.4072107,-71.3824374,13,#9E2E9A,690,6B,0.12,<=0.25,<=0.25,<=0.06,<=0.50,2,2004,square,H,Jun-24,ERR068005,CHWV02000001-CHWV02000159,CHWV01000000,0,0,0,0
CM917,42.4072107,-71.3824374,13,#9E2E9A,473,6C,0.047,0.047,0.125,0.064,,,2007,triangle,J,36-84,ERR129027,COBB02000001-COBB02000217,COBB01000000,0,0,0,0
FU8OL,42.4072107,-71.3824374,13,#9E2E9A,473,6C,0.032,0.047,0.19,0.064,,,2007,triangle,I,36-84,ERR129115,COCZ02000001-COCZ02000216,COCZ01000000,0,0,0,0
5W908,42.4072107,-71.3824374,13,#9E2E9A,473,6C,0.016,0.023,0.125,0.064,,,2007,triangle,F,Jun-24,ERR124223,CNYX02000001-CNYX02000180,CNYX01000000,0,0,0,0
51715,42.4072107,-71.3824374,14,#F59AC3,376,6A,4,1,>4/76,>1,0.25,,2001,circle,P,Jun-24,ERR069744,CNSO02000001-CNSO02000158,CNSO01000000,1,1,0,1
65435,42.4072107,-71.3824374,14,#F59AC3,376,6A,4,0.25,>4/76,>1,0.25,,2001,circle,O,Jun-24,ERR069747,CNSN02000001-CNSN02000162,CNSN01000000,1,1,0,1
108480,42.4072107,-71.3824374,14,#F59AC3,376,6A,2,0.25,>4/76,>1,0.25,,2001,circle,L,Jun-24,ERR069763,CNSR02000001-CNSR02000161,CNSR01000000,1,1,0,1
179743,42.4072107,-71.3824374,14,#F59AC3,376,6A,2,0.5,>4/76,>1,0.25,,2001,circle,L,Jun-24,ERR069787,CNTV02000001-CNTV02000163,CNTV01000000,1,1,0,1
342672,42.4072107,-71.3824374,14,#F59AC3,1922,6A,1,0.25,Apr-76,<0.03,0.12,,2001,circle,G,Jun-24,ERR069825,CNVS02000001-CNVS02000175,CNVS01000000,0,0,0,0
448643,42.4072107,-71.3824374,14,#F59AC3,376,6A,2,0.5,>4/76,>1,0.25,,2001,circle,P,36-84,ERR065963,CNPN02000001-CNPN02000186,CNPN01000000,1,1,0,1
CXQ2T,42.4072107,-71.3824374,14,#F59AC3,1538,6A,3,0.075,0.25,12,,,2007,triangle,D,<6,ERR129128,COEM02000001-COEM02000189,COEM01000000,1,1,0,1
AI3GZ,42.4072107,-71.3824374,14,#F59AC3,376,6A,1,0.75,16,3,,,2007,triangle,H,Jun-24,ERR124303,CHBU02000001-CHBU02000177,CHBU01000000,1,1,0,1
2RLC4,42.4072107,-71.3824374,14,#F59AC3,376,6A,2,1.5,12,3,,,2007,triangle,H,Jun-24,ERR124314,COAE02000001-COAE02000167,COAE01000000,1,1,0,1
R34-3168,42.4072107,-71.3824374,14,#F59AC3,376,6A,2,0.5,>2.00,>0.50,<=0.50,2,2004,square,K,Jun-24,ERR067966,CNQT02000001-CNQT02000231,CNQT01000000,1,1,0,1
R34-3171,42.4072107,-71.3824374,14,#F59AC3,376,6A,1,0.5,>2.00,>0.50,<=0.50,2,2004,square,K,24-36,ERR067969,CNQE02000001-CNQE02000256,CNQE01000000,1,1,0,1
R34-3201,42.4072107,-71.3824374,14,#F59AC3,1921,6A,4,2,>2.00,>0.50,<=0.50,2,2004,square,G,Jun-24,ERR069700,CNQW02000001-CNQW02000360,CNQW01000000,1,1,0,1
DH8X5-1,42.4072107,-71.3824374,15,#9DA674,320,19A,3,2,6,>256,,,2007,triangle,J,Jun-24,ERR129031,COBR02000001-COBR02000251,COBR01000000,1,1,1,1
06URQ,42.4072107,-71.3824374,15,#9DA674,320,19A,3,2,3,>256,,,2007,triangle,J,Jun-24,ERR129036,COAJ02000001-COAJ02000232,COAJ01000000,1,1,1,1
NFPTS,42.4072107,-71.3824374,15,#9DA674,320,19A,3,1.5,12,>256,,,2007,triangle,J,<6,ERR129049,CFQT02000001-CFQT02000156,CFQT01000000,1,1,1,1
1QJAP,42.4072107,-71.3824374,15,#9DA674,320,19A,6,8,3,4,,,2007,triangle,C,24-36,ERR129075,COBV02000001-COBV02000248,COBV01000000,1,1,1,1
9SKOT,42.4072107,-71.3824374,15,#9DA674,320,19A,4,1.5,6,>256,,,2007,triangle,F,Jun-24,ERR129193,COFD02000001-COFD02000160,COFD01000000,1,1,1,1
OQTRJ,42.4072107,-71.3824374,15,#9DA674,320,19A,6,6,6,>256,,,2007,triangle,F,Jun-24,ERR124222,CNYW02000001-CNYW02000166,CNYW01000000,1,1,1,1
LABTO,42.4072107,-71.3824374,15,#9DA674,320,19A,4,1.5,6,>256,,,2007,triangle,F,Jun-24,ERR124233,CNXV02000001-CNXV02000149,CNXV01000000,1,1,1,1
CHP0M,42.4072107,-71.3824374,15,#9DA674,1451,19A,4,2,4,>256,,,2007,triangle,G,Jun-24,ERR124255,CNYL02000001-CNYL02000337,CNYL01000000,1,1,1,1
R34-3221,42.4072107,-71.3824374,15,#9DA674,320,19A,>4.00,>2.00,>2.00,>0.50,>4.00,2,2004,square,I,36-84,ERR069720,CNRR02000001-CNRR02000170,CNRR01000000,1,1,1,1
105542,42.4072107,-71.3824374,15,#9DA674,1945,19F,2,1,>4/76,<0.03,0.12,,2001,circle,P,36-84,ERR069762,CFQW02000001-CFQW02000161,CFQW01000000,0,1,0,1
208866,42.4072107,-71.3824374,15,#9DA674,236,19F,2,0.5,>4/76,0.25,>8,,2001,circle,C,Jun-24,ERR069791,CNUA02000001-CNUA02000163,CNUA01000000,0,1,0,1
209930,42.4072107,-71.3824374,15,#9DA674,236,19F,2,1,>4/76,>1,>8,,2001,circle,C,24-36,ERR069793,CNUB02000001-CNUB02000179,CNUB01000000,1,1,0,1
404463,42.4072107,-71.3824374,15,#9DA674,236,19F,4,1,>4/76,>1,>8,,2001,circle,C,24-36,ERR069842,CHBN02000001-CHBN02000173,CHBN01000000,1,1,0,1
416185,42.4072107,-71.3824374,15,#9DA674,320,19F,4,2,>4/76,>1,>8,,2001,circle,E,Jun-24,ERR069843,CNVP02000001-CNVP02000227,CNVP01000000,1,1,1,1
503574,42.4072107,-71.3824374,15,#9DA674,320,19F,>4,2,>4/76,>1,>8,,2001,circle,L,Jun-24,ERR065973,CNPT02000001-CNPT02000162,CNPT01000000,1,1,1,1
6GU7V,42.4072107,-71.3824374,15,#9DA674,3292,19F,1,0.5,>32,>256,,,2007,triangle,J,<6,ERR129062,COBF02000001-COBF02000183,COBF01000000,1,1,1,1
WMK3T,42.4072107,-71.3824374,15,#9DA674,236,19F,3,1.5,6,4,,,2007,triangle,C,36-84,ERR129078,CFRJ02000001-CFRJ02000186,CFRJ01000000,1,1,0,1
R34-3058,42.4072107,-71.3824374,15,#9DA674,236,19F,2,0.5,>2.00,>0.50,>4.00,2,2004,square,G,Jun-24,ERR065314,CNOD02000001-CNOD02000172,CNOD01000000,1,1,0,1
R34-3085,42.4072107,-71.3824374,15,#9DA674,271,19F,4,>2.00,>2.00,>0.50,>4.00,2,2004,square,M,36-84,ERR067990,CHBQ02000001-CHBQ02000269,CHBQ01000000,1,1,1,1
R34-3094,42.4072107,-71.3824374,15,#9DA674,236,19F,2,1,1,>0.50,>4.00,2,2004,square,H,Jun-24,ERR067999,CHBR02000001-CHBR02000162,CHBR01000000,1,1,0,1
R34-3098,42.4072107,-71.3824374,15,#9DA674,1941,19F,1,<=0.25,>2.00,>0.50,>4.00,2,2004,square,H,Jun-24,ERR068003,CNWH02000001-CNWH02000166,CNWH01000000,1,1,0,1
R34-3141,42.4072107,-71.3824374,15,#9DA674,271,19F,4,1,>2.00,>0.50,>4.00,2,2004,square,L,24-36,ERR068035,CNXS02000001-CNXS02000299,CNXS01000000,1,1,1,1
R34-3142,42.4072107,-71.3824374,15,#9DA674,271,19F,4,1,>2.00,>0.50,>4.00,4,2004,square,L,Jun-24,ERR068036,CFRK02000001-CFRK02000305,CFRK01000000,1,1,1,1
R34-3200,42.4072107,-71.3824374,15,#9DA674,236,19F,2,1,1,>0.50,>4.00,2,2004,square,B,Jun-24,ERR069699,CHBG02000001-CHBG02000149,CHBG01000000,1,1,0,1
R34-3207,42.4072107,-71.3824374,15,#9DA674,1943,19F,2,1,0.5,>0.50,>4.00,2,2004,square,J,Jun-24,ERR069706,CHWU02000001-CHWU02000166,CHWU01000000,1,1,0,1
65645,42.4072107,-71.3824374,16,#505050,180,3,<0.03,<0.03,0.25/4,<0.03,0.12,,2001,circle,A,36-84,ERR069748,CNSP02000001-CNSP02000120,CNSP01000000,0,0,0,0
72511,42.4072107,-71.3824374,16,#505050,180,3,<0.03,<0.03,<0.06/,<0.03,0.25,,2001,circle,I,36-84,ERR069750,CNSV02000001-CNSV02000124,CNSV01000000,0,0,0,0
369820,42.4072107,-71.3824374,16,#505050,180,3,<0.03,<0.03,0.12/2,0.06,0.5,,2001,circle,F,24-36,ERR069832,CNVG02000001-CNVG02000119,CNVG01000000,0,0,0,0
P213M,42.4072107,-71.3824374,16,#505050,180,3,0.016,0.016,0.125,0.064,,,2007,triangle,E,Jun-24,ERR129180,COEV02000001-COEV02000122,COEV01000000,0,0,0,0
LDD87,42.4072107,-71.3824374,16,#505050,180,3,0.016,0.023,0.19,0.064,,,2007,triangle,F,36-84,ERR129212,COFU02000001-COFU02000128,COFU01000000,0,0,0,0
R34-3078,42.4072107,-71.3824374,16,#505050,180,3,<=0.03,<=0.25,<=0.25,<=0.06,<=0.50,<=1.00,2004,square,D,Jun-24,ERR067983,CNVW02000001-CNVW02000124,CNVW01000000,0,0,0,0
R34-3084,42.4072107,-71.3824374,16,#505050,180,3,<=0.03,<=0.25,<=0.25,<=0.06,<=0.50,<=1.00,2004,square,M,24-36,ERR067989,CFLM02000001-CFLM02000251,CFLM01000000,0,0,0,0
R34-3101,42.4072107,-71.3824374,16,#505050,180,3,<=0.03,<=0.25,<=0.25,<=0.06,<=0.50,<=1.00,2004,square,I,Jun-24,ERR068006,CNWU02000001-CNWU02000122,CNWU01000000,0,0,0,0
R34-3190,42.4072107,-71.3824374,16,#505050,180,3,<=0.03,<=0.25,<=0.25,<=0.06,<=0.50,2,2004,square,F,36-84,ERR069689,CNRJ02000001-CNRJ02000110,CNRJ01000000,0,0,0,0
R34-3202,42.4072107,-71.3824374,16,#505050,180,3,<=0.03,<=0.25,<=0.25,<=0.06,<=0.50,<=1.00,2004,square,L,Jun-24,ERR069701,CNRH02000001-CNRH02000134,CNRH01000000,0,0,0,0
R34-3217,42.4072107,-71.3824374,16,#505050,180,3,<=0.03,<=0.25,<=0.25,<=0.06,<=0.50,<=1.00,2004,square,G,24-36,ERR069716,CNRP02000001-CNRP02000117,CNRP01000000,0,0,0,0
142534,42.4072107,-71.3824374,16,#505050,124,14,<0.03,<0.03,0.25/4,<0.03,0.25,,2001,circle,E,36-84,ERR069772,CNTO02000001-CNTO02000185,CNTO01000000,0,0,0,0
268660,42.4072107,-71.3824374,16,#505050,124,14,<0.03,<0.03,0.25/4,0.06,0.25,,2001,circle,E,36-84,ERR069806,CNVB02000001-CNVB02000174,CNVB01000000,0,0,0,0
306435,42.4072107,-71.3824374,16,#505050,124,14,<0.03,<0.03,0.25/4,<0.03,0.12,,2001,circle,L,36-84,ERR069816,CNUV02000001-CNUV02000182,CNUV01000000,0,0,0,0
341365,42.4072107,-71.3824374,16,#505050,124,14,<0.03,<0.03,0.25/4,<0.03,0.25,,2001,circle,D,<6,ERR069824,CNVR02000001-CNVR02000197,CNVR01000000,0,0,0,0
430772,42.4072107,-71.3824374,16,#505050,124,14,<0.03,<0.03,0.25/4,<0.03,0.25,,2001,circle,P,36-84,ERR065956,CIIR02000001-CIIR02000188,CIIR01000000,0,0,0,0
R34-3230,42.4072107,-71.3824374,16,#505050,124,14,0.06,<=0.25,<=0.25,<=0.06,<=0.50,2,2004,square,I,Jun-24,ERR069729,CNSD02000001-CNSD02000182,CNSD01000000,0,0,0,0
R34-3231,42.4072107,-71.3824374,16,#505050,124,14,0.06,<=0.25,<=0.25,<=0.06,<=0.50,2,2004,square,I,24-36,ERR069730,CNSU02000001-CNSU02000184,CNSU01000000,0,0,0,0
VODW3,42.4072107,-71.3824374,16,#505050,432,21,0.023,0.023,0.064,0.047,,,2007,triangle,I,Jun-24,ERR129110,COCU02000001-COCU02000138,COCU01000000,0,0,0,0
E0ZKK,42.4072107,-71.3824374,16,#505050,568,31,0.023,0.023,0.75,0.064,,,2007,triangle,J,36-84,ERR129057,COBA02000001-COBA02000131,COBA01000000,0,0,0,0
N8YA4,42.4072107,-71.3824374,16,#505050,568,31,0.032,0.023,0.125,0.094,,,2007,triangle,D,24-36,ERR129135,CODH02000001-CODH02000119,CODH01000000,0,0,0,0
YSOFP,42.4072107,-71.3824374,16,#505050,568,31,0.023,0.023,0.19,0.047,,,2007,triangle,H,Jun-24,ERR124311,COAC02000001-COAC02000120,COAC01000000,0,0,0,0
R34-3033,42.4072107,-71.3824374,16,#505050,568,31,<=0.03,<=0.25,<=0.25,<=0.06,<=0.50,2,2004,square,J,Jun-24,ERR065290,CNNK02000001-CNNK02000130,CNNK01000000,0,0,0,0
438180,42.4072107,-71.3824374,16,#505050,547,34,<0.03,<0.03,0.12/2,<0.03,0.25,,2001,circle,G,24-36,ERR065959,CNQA02000001-CNQA02000194,CNQA01000000,0,0,0,0
NA03L,42.4072107,-71.3824374,16,#505050,547,34,0.023,0.023,0.19,0.064,,,2007,triangle,J,36-84,ERR129038,COAP02000001-COAP02000183,COAP01000000,0,0,0,0
DR1PD,42.4072107,-71.3824374,16,#505050,547,34,0.016,0.016,0.094,0.064,,,2007,triangle,J,36-84,ERR129066,COBK02000001-COBK02000126,COBK01000000,0,0,0,0
R34-3048,42.4072107,-71.3824374,16,#505050,547,34,<=0.03,<=0.25,<=0.25,<=0.06,<=0.50,2,2004,square,O,Jun-24,ERR065304,CNNV02000001-CNNV02000142,CNNV01000000,0,0,0,0
R34-3115,42.4072107,-71.3824374,16,#505050,547,34,<=0.03,<=0.25,<=0.25,<=0.06,<=0.50,2,2004,square,L,24-36,ERR068016,CNWK02000001-CNWK02000142,CNWK01000000,0,0,0,0
R34-3176,42.4072107,-71.3824374,16,#505050,1902,34,<=0.03,<=0.25,<=0.25,<=0.06,<=0.50,2,2004,square,M,24-36,ERR067975,CNQH02000001-CNQH02000237,CNQH01000000,0,0,0,0
304793,42.4072107,-71.3824374,16,#505050,447,37,<0.03,<0.03,0.12/2,<0.03,0.25,,2001,circle,J,36-84,ERR069815,CNUY02000001-CNUY02000166,CNUY01000000,0,0,0,0
F5UY4,42.4072107,-71.3824374,16,#505050,447,37,0.023,0.016,0.094,0.032,,,2007,triangle,D,Jun-24,ERR129151,CODT02000001-CODT02000143,CODT01000000,0,0,0,0
147587,42.4072107,-71.3824374,16,#505050,393,38,0.06,<0.03,0.25/4,<0.03,0.25,,2001,circle,F,Jun-24,ERR069775,CNTR02000001-CNTR02000264,CNTR01000000,0,0,0,0
HU4AA,42.4072107,-71.3824374,16,#505050,393,38,0.016,<.016,0.094,0.016,,,2007,triangle,J,Jun-24,ERR129040,COAO02000001-COAO02000265,COAO01000000,0,0,0,0
8PNF1,42.4072107,-71.3824374,16,#505050,393,38,0.016,0.023,0.19,0.064,,,2007,triangle,J,36-84,ERR129056,CFRF02000001-CFRF02000204,CFRF01000000,0,0,0,0
J29X8,42.4072107,-71.3824374,16,#505050,393,38,0.016,0.016,0.125,0.064,,,2007,triangle,I,Jun-24,ERR129124,COEC02000001-COEC02000189,COEC01000000,0,0,0,0
K8121,42.4072107,-71.3824374,16,#505050,393,38,0.023,0.032,0.19,0.094,,,2007,triangle,F,36-84,ERR129188,COFC02000001-COFC02000197,COFC01000000,0,0,0,0
R34-3046,42.4072107,-71.3824374,16,#505050,393,38,<=0.03,<=0.25,<=0.25,<=0.06,<=0.50,<=1.00,2004,square,F,Jun-24,ERR065302,CNNN02000001-CNNN02000235,CNNN01000000,0,0,0,0
R34-3065,42.4072107,-71.3824374,16,#505050,393,38,0.25,<=0.25,<=0.25,<=0.06,<=0.50,2,2004,square,G,24-36,ERR065321,CNOJ02000001-CNOJ02000199,CNOJ01000000,0,0,0,0
R34-3146,42.4072107,-71.3824374,16,#505050,393,38,<=0.03,<=0.25,<=0.25,<=0.06,<=0.50,2,2004,square,C,Jun-24,ERR068039,CNXC02000001-CNXC02000195,CNXC01000000,0,0,0,0
277394,42.4072107,-71.3824374,16,#505050,SLV1934,11A,0.06,<0.03,0.25/4,<0.03,>8,,2001,circle,D,24-36,ERR069808,CNUQ02000001-CNUQ02000206,CNUQ01000000,0,0,0,0
333793,42.4072107,-71.3824374,16,#505050,817,15A,<0.03,<0.03,0.12/2,<0.03,0.25,,2001,circle,E,Jun-24,ERR069820,CNUP02000001-CNUP02000141,CNUP01000000,0,0,0,0
18FDW,42.4072107,-71.3824374,16,#505050,346,15B/C,0.38,0.25,0.125,0.064,,,2007,triangle,G,24-36,ERR124244,CNYA02000001-CNYA02000142,CNYA01000000,0,0,0,0
X703J,42.4072107,-71.3824374,16,#505050,995,16F,0.016,0.016,0.125,0.047,,,2007,triangle,J,Jun-24,ERR129041,COAQ02000001-COAQ02000169,COAQ01000000,0,0,0,0
2W7ME,42.4072107,-71.3824374,16,#505050,570,16F,0.016,0.023,0.064,0.064,,,2007,triangle,E,Jun-24,ERR129181,COET02000001-COET02000149,COET01000000,0,0,0,0
SHTPB,42.4072107,-71.3824374,16,#505050,659,16F,0.023,0.023,0.094,0.094,,,2007,triangle,E,36-84,ERR129184,COEX02000001-COEX02000167,COEX01000000,0,0,0,0
M66VO,42.4072107,-71.3824374,16,#505050,1840,16F,0.032,0.047,0.19,0.094,,,2007,triangle,G,36-84,ERR124247,CNYJ02000001-CNYJ02000197,CNYJ01000000,0,0,0,0
2Y1CQ,42.4072107,-71.3824374,16,#505050,659,16F,<.016,<.016,0.125,0.064,,,2007,triangle,G,24-36,ERR124271,CNZD02000001-CNZD02000133,CNZD01000000,0,0,0,0
RD7KX,42.4072107,-71.3824374,16,#505050,659,16F,0.023,0.023,0.064,0.064,,,2007,triangle,H,36-84,ERR124289,CNZM02000001-CNZM02000203,CNZM01000000,0,0,0,0
BA5TC,42.4072107,-71.3824374,16,#505050,659,16F,0.016,0.016,0.125,0.032,,,2007,triangle,H,36-84,ERR124309,CNZY02000001-CNZY02000191,CNZY01000000,0,0,0,0
R34-3062,42.4072107,-71.3824374,16,#505050,659,16F,0.06,<=0.25,<=0.25,<=0.06,<=0.50,<=1.00,2004,square,P,36-84,ERR065318,CNOH02000001-CNOH02000180,CNOH01000000,0,0,0,0
GWTK7,42.4072107,-71.3824374,16,#505050,392,17F,0.023,0.023,0.19,0.125,,,2007,triangle,F,24-36,ERR124218,CHBP02000001-CHBP02000162,CHBP01000000,0,0,0,0
9LUM5,42.4072107,-71.3824374,16,#505050,2355,17F,0.125,0.125,0.5,0.094,,,2007,triangle,G,36-84,ERR124252,CFRB02000001-CFRB02000133,CFRB01000000,0,0,0,0
3XUC4,42.4072107,-71.3824374,16,#505050,392,17F,0.023,0.023,0.125,0.064,,,2007,triangle,G,Jun-24,ERR124258,CNYS02000001-CNYS02000142,CNYS01000000,0,0,0,0
E3GXY,42.4072107,-71.3824374,16,#505050,392,17F,<.016,0.016,0.125,0.047,,,2007,triangle,H,24-36,ERR124306,CIEC02000001-CIEC02000145,CIEC01000000,0,0,0,0
R34-3056,42.4072107,-71.3824374,16,#505050,1924,17F,<=0.03,<=0.25,<=0.25,<=0.06,<=0.50,<=1.00,2004,square,G,<6,ERR065312,CNOE02000001-CNOE02000138,CNOE01000000,0,0,0,0
40241,42.4072107,-71.3824374,16,#505050,1923,18C,<0.03,<0.03,0.5/9.,<0.03,0.25,,2001,circle,A,Jun-24,ERR069739,CNSF02000001-CNSF02000205,CNSF01000000,0,0,0,0
303656,42.4072107,-71.3824374,16,#505050,496,18C,<0.03,<0.03,0.25/4,<0.03,0.12,,2001,circle,J,24-36,ERR069814,CHBK02000001-CHBK02000135,CHBK01000000,0,0,0,0
R34-3059,42.4072107,-71.3824374,16,#505050,1073,18C,<=0.03,<=0.25,<=0.25,<=0.06,<=0.50,<=1.00,2004,square,G,36-84,ERR065315,CNOG02000001-CNOG02000176,CNOG01000000,0,0,0,0
R34-3102,42.4072107,-71.3824374,16,#505050,496,18C,0.12,<=0.25,>2.00,>0.50,<=0.50,2,2004,square,H,36-84,ERR068007,CNWR02000001-CNWR02000142,CNWR01000000,1,0,0,0
R34-3196,42.4072107,-71.3824374,16,#505050,113,18C,<=0.03,<=0.25,0.5,<=0.06,<=0.50,<=1.00,2004,square,C,Jun-24,ERR069695,CHWS02000001-CHWS02000185,CHWS01000000,0,0,0,0
26IET,42.4072107,-71.3824374,16,#505050,SLV695,19A,0.094,0.094,0.19,0.094,,,2007,triangle,J,36-84,ERR129028,COBH02000001-COBH02000183,COBH01000000,0,0,0,0
FRIZ4,42.4072107,-71.3824374,16,#505050,SLV695,19A,0.094,0.094,0.19,0.064,,,2007,triangle,J,Jun-24,ERR129030,COBN02000001-COBN02000184,COBN01000000,0,0,0,0
X71H5,42.4072107,-71.3824374,16,#505050,SLV695,19A,0.064,0.094,0.125,0.064,,,2007,triangle,C,Jun-24,ERR129083,COBZ02000001-COBZ02000203,COBZ01000000,0,0,0,0
7NA98,42.4072107,-71.3824374,16,#505050,415,19A,0.016,0.023,0.094,0.047,,,2007,triangle,C,36-84,ERR129084,COCB02000001-COCB02000143,COCB01000000,0,0,0,0
Y6BSG,42.4072107,-71.3824374,16,#505050,SLV695,19A,0.094,0.125,0.25,0.094,,,2007,triangle,I,36-84,ERR129103,COCR02000001-COCR02000228,COCR01000000,0,0,0,0
3UTO8,42.4072107,-71.3824374,16,#505050,SLV695,19A,0.094,0.094,0.125,0.094,,,2007,triangle,D,24-36,ERR129136,CODN02000001-CODN02000176,CODN01000000,0,0,0,0
6U8ZJ,42.4072107,-71.3824374,16,#505050,SLV695,19A,0.032,0.023,0.19,0.094,,,2007,triangle,D,Jun-24,ERR129138,CODL02000001-CODL02000201,CODL01000000,0,0,0,0
3GWV1,42.4072107,-71.3824374,16,#505050,SLV695,19A,0.094,0.064,0.38,0.094,,,2007,triangle,F,Jun-24,ERR129202,COFP02000001-COFP02000222,COFP01000000,0,0,0,0
MFII0,42.4072107,-71.3824374,16,#505050,SLV695,19A,0.094,0.064,0.25,0.094,,,2007,triangle,F,36-84,ERR129216,COFY02000001-COFY02000174,COFY01000000,0,0,0,0
R34-3037,42.4072107,-71.3824374,16,#505050,1944,19A,2,2,0.5,>0.50,<=0.50,2,2004,square,J,Jun-24,ERR065294,CNNS02000001-CNNS02000203,CNNS01000000,1,1,0,1
R34-3183,42.4072107,-71.3824374,16,#505050,276,19A,2,0.5,1,>0.50,>4.00,2,2004,square,B,24-36,ERR067982,CFQP02000001-CFQP02000130,CFQP01000000,1,0,1,0
27999,42.4072107,-71.3824374,16,#505050,1340,19F,0.06,<0.03,0.12/2,<0.03,0.12,,2001,circle,E,36-84,ERR069737,CNSS02000001-CNSS02000273,CNSS01000000,0,0,0,0
209464,42.4072107,-71.3824374,16,#505050,425,19F,<0.03,<0.03,0.25/4,<0.03,0.25,,2001,circle,P,36-84,ERR069792,CNTY02000001-CNTY02000196,CNTY01000000,0,0,0,0
284968,42.4072107,-71.3824374,16,#505050,425,19F,0.06,<0.03,0.25/4,<0.03,0.25,,2001,circle,N,24-36,ERR069810,CNUL02000001-CNUL02000174,CNUL01000000,0,0,0,0
439699,42.4072107,-71.3824374,16,#505050,654,19F,<0.03,<0.03,0.25/4,<0.03,0.25,,2001,circle,O,Jun-24,ERR065960,CFQS02000001-CFQS02000201,CFQS01000000,0,0,0,0
DALR8,42.4072107,-71.3824374,16,#505050,426,19F,0.032,0.19,0.125,0.047,,,2007,triangle,J,36-84,ERR129045,COAT02000001-COAT02000262,COAT01000000,0,0,0,0
SQADW,42.4072107,-71.3824374,16,#505050,654,19F,0.023,0.023,0.19,0.094,,,2007,triangle,J,Jun-24,ERR129050,COAW02000001-COAW02000178,COAW01000000,0,0,0,0
QIKYS,42.4072107,-71.3824374,16,#505050,43,19F,0.016,0.023,0.19,0.064,,,2007,triangle,C,24-36,ERR129094,COCL02000001-COCL02000190,COCL01000000,0,0,0,0
Q0413,42.4072107,-71.3824374,16,#505050,43,19F,0.19,0.19,12,>256,,,2007,triangle,C,36-84,ERR129095,CXOE01000001-CXOE01000178,CXOE01000001,1,0,0,0
TJRUQ,42.4072107,-71.3824374,16,#505050,43,19F,0.023,0.016,0.19,0.064,,,2007,triangle,F,Jun-24,ERR129206,COFM02000001-COFM02000200,COFM01000000,0,0,0,0
R34-3028,42.4072107,-71.3824374,16,#505050,425,19F,<=0.03,<=0.25,<=0.25,<=0.06,<=0.50,2,2004,square,I,36-84,ERR065354,CNOX02000001-CNOX02000178,CNOX01000000,0,0,0,0
R34-3043,42.4072107,-71.3824374,16,#505050,654,19F,<=0.03,<=0.25,<=0.25,<=0.06,<=0.50,2,2004,square,F,36-84,ERR065299,CNNR02000001-CNNR02000179,CNNR01000000,0,0,0,0
R34-3070,42.4072107,-71.3824374,16,#505050,654,19F,2,<=0.25,<=0.25,<=0.06,<=0.50,2,2004,square,F,36-84,ERR065325,CHIN02000001-CHIN02000226,CHIN01000000,0,0,0,0
R34-3113,42.4072107,-71.3824374,16,#505050,43,19F,<=0.03,<=0.25,<=0.25,<=0.06,<=0.50,2,2004,square,L,24-36,ERR068014,CNWZ02000001-CNWZ02000181,CNWZ01000000,0,0,0,0
R34-3137,42.4072107,-71.3824374,16,#505050,425,19F,>4.00,<=0.25,<=0.25,<=0.06,<=0.50,<=1.00,2004,square,P,Jun-24,ERR068031,CFIQ02000001-CFIQ02000190,CFIQ01000000,0,0,0,0
R34-3193,42.4072107,-71.3824374,16,#505050,1903,19F,<=0.03,<=0.25,<=0.25,<=0.06,<=0.50,2,2004,square,C,24-36,ERR069692,CNQY02000001-CNQY02000181,CNQY01000000,0,0,0,0
R34-3198,42.4072107,-71.3824374,16,#505050,425,19F,<=0.03,<=0.25,<=0.25,<=0.06,<=0.50,2,2004,square,P,36-84,ERR069697,CNQZ02000001-CNQZ02000187,CNQZ01000000,0,0,0,0
R34-3224,42.4072107,-71.3824374,16,#505050,425,19F,0.06,<=0.25,<=0.25,<=0.06,<=0.50,2,2004,square,P,24-36,ERR069723,CNRV02000001-CNRV02000167,CNRV01000000,0,0,0,0
44744,42.4072107,-71.3824374,16,#505050,242,23F,2,0.25,0.12/2,>1,>8,,2001,circle,H,Jun-24,ERR069742,CNSJ02000001-CNSJ02000175,CNSJ01000000,1,1,0,1
173015,42.4072107,-71.3824374,16,#505050,81,23F,4,2,Apr-76,1,>8,,2001,circle,K,Jun-24,ERR069785,CNTS02000001-CNTS02000162,CNTS01000000,1,1,0,1
218229,42.4072107,-71.3824374,16,#505050,81,23F,>4,2,>4/76,>1,>8,,2001,circle,K,Jun-24,ERR069797,CNUC02000001-CNUC02000187,CNUC01000000,1,1,0,1
334847,42.4072107,-71.3824374,16,#505050,81,23F,>4,>2,>4/76,>1,>8,,2001,circle,P,Jun-24,ERR069821,CNVF02000001-CNVF02000177,CNVF01000000,1,1,0,1
144370,42.4072107,-71.3824374,16,#505050,393,38,<0.03,<0.03,0.25/4,<0.03,0.25,,2001,circle,F,36-84,ERR069773,CNTF02000001-CNTF02000231,CNTF01000000,0,0,0,0
OZJ9F,42.4072107,-71.3824374,16,#505050,2705,33F,0.023,0.023,1,2,,,2007,triangle,E,36-84,ERR129185,COEZ02000001-COEZ02000100,COEZ01000000,1,1,0,1
187406,42.4072107,-71.3824374,16,#505050,100,33F,<0.03,<0.03,0.12/2,<0.03,0.25,,2001,circle,O,36-84,ERR069789,CIEE02000001-CIEE02000122,CIEE01000000,0,0,0,0
ZPN7P,42.4072107,-71.3824374,16,#505050,2705,33F,0.023,0.023,1.5,4,,,2007,triangle,G,<6,ERR124257,CNYQ02000001-CNYQ02000120,CNYQ01000000,1,1,0,1
R34-3121,42.4072107,-71.3824374,16,#505050,100,33F,<=0.03,<=0.25,<=0.25,<=0.06,<=0.50,2,2004,square,G,36-84,ERR068021,CNWQ02000001-CNWQ02000125,CNWQ01000000,0,0,0,0
R34-3173,42.4072107,-71.3824374,16,#505050,100,33F,<=0.03,<=0.25,1,<=0.06,<=0.50,2,2004,square,E,24-36,ERR067972,CNQD02000001-CNQD02000128,CNQD01000000,0,0,0,0
R34-3023,42.4072107,-71.3824374,16,#505050,452,35B,<=0.03,<=0.25,<=0.25,<=0.06,<=0.50,2,2004,square,I,36-84,ERR065349,CNPM02000001-CNPM02000184,CNPM01000000,0,0,0,0
R34-3122,42.4072107,-71.3824374,16,#505050,452,35B,<=0.03,<=0.25,<=0.25,<=0.06,<=0.50,2,2004,square,G,Jun-24,ERR068022,CVKI02000001-CVKI02000195,CVKI01000000,0,0,0,0
R34-3223,42.4072107,-71.3824374,16,#505050,452,35B,<=0.03,<=0.25,<=0.25,<=0.06,<=0.50,2,2004,square,I,36-84,ERR069722,CNRT02000001-CNRT02000180,CNRT01000000,0,0,0,0
110093,42.4072107,-71.3824374,16,#505050,1939,6A,<0.03,<0.03,0.25/4,<0.03,0.25,,2001,circle,K,Jun-24,ERR069764,CNSQ02000001-CNSQ02000259,CNSQ01000000,0,0,0,0
R34-3026,42.4072107,-71.3824374,16,#505050,242,6A,1,1,0.5,>0.50,>4.00,2,2004,square,I,24-36,ERR065352,CNPC02000001-CNPC02000252,CNPC01000000,1,0,1,0
18044,42.4072107,-71.3824374,16,#505050,1518,6B,4,1,Feb-38,>1,0.5,,2001,circle,F,<6,ERR069735,CNTD02000001-CNTD02000174,CNTD01000000,1,1,0,1
160986,42.4072107,-71.3824374,16,#505050,1536,6B,2,>2,>4/76,0.06,1,,2001,circle,F,Jun-24,ERR069782,CNUM02000001-CNUM02000168,CNUM01000000,0,0,0,0
302649,42.4072107,-71.3824374,16,#505050,146,6B,<0.03,<0.03,Feb-38,>1,0.5,,2001,circle,J,36-84,ERR069813,CNUW02000001-CNUW02000187,CNUW01000000,1,1,0,1
323485,42.4072107,-71.3824374,16,#505050,146,6B,<0.03,<0.03,0.25/4,<0.03,0.5,,2001,circle,P,36-84,ERR069819,CFQU02000001-CFQU02000215,CFQU01000000,0,0,0,0
388483,42.4072107,-71.3824374,16,#505050,146,6B,0.25,0.5,>4/76,>1,0.25,,2001,circle,H,36-84,ERR069838,CNVK02000001-CNVK02000216,CNVK01000000,1,1,0,1
397079,42.4072107,-71.3824374,16,#505050,315,6B,0.25,0.06,0.5/9.,>1,>8,,2001,circle,J,36-84,ERR069840,CNVN02000001-CNVN02000192,CNVN01000000,1,0,1,0
436154,42.4072107,-71.3824374,16,#505050,1954,6B,1,0.5,0.25/4,<0.03,0.12,,2001,circle,P,Jun-24,ERR065957,CNPY02000001-CNPY02000261,CNPY01000000,0,0,1,0
R34-3038,42.4072107,-71.3824374,16,#505050,1930,6B,<=0.03,<=0.25,>2.00,<=0.06,<=0.50,2,2004,square,J,Jun-24,ERR065295,CHBE02000001-CHBE02000186,CHBE01000000,0,0,0,0
EKR1O,42.4072107,-71.3824374,16,#505050,1692,6C,0.023,0.023,0.19,0.064,,,2007,triangle,J,24-36,ERR129044,COAS02000001-COAS02000225,COAS01000000,0,0,0,0
WG60C,42.4072107,-71.3824374,16,#505050,3288,NT,0.023,0.023,0.25,0.094,,,2007,triangle,C,<6,ERR129071,COBJ02000001-COBJ02000123,COBJ01000000,0,1,0,1
P0N8K,42.4072107,-71.3824374,16,#505050,1692,6C,0.023,0.023,0.19,0.094,,,2007,triangle,F,Jun-24,ERR129194,COFE02000001-COFE02000225,COFE01000000,0,0,0,0
6JT2I,42.4072107,-71.3824374,16,#505050,547,6C,0.023,0.023,0.125,0.094,,,2007,triangle,F,Jun-24,ERR124230,CNXY02000001-CNXY02000168,CNXY01000000,0,0,0,0
R34-3086,42.4072107,-71.3824374,16,#505050,547,6C,<=0.03,<=0.25,<=0.25,<=0.06,<=0.50,2,2004,square,M,Jun-24,ERR067991,CNWO02000001-CNWO02000172,CNWO01000000,0,0,0,0
2VBTK,42.4072107,-71.3824374,16,#505050,3284,7C,0.023,0.023,0.19,0.032,,,2007,triangle,J,24-36,ERR129047,COAV02000001-COAV02000280,COAV01000000,0,0,0,0
W9G4K,42.4072107,-71.3824374,16,#505050,1797,7C,<0.016,0.023,0.19,0.094,,,2007,triangle,F,24-36,ERR129187,COFA02000001-COFA02000163,COFA01000000,0,0,0,0
U3EO1,42.4072107,-71.3824374,16,#505050,1176,7F,0.023,0.032,0.19,0.047,,,2007,triangle,J,36-84,ERR129064,COBG02000001-COBG02000094,COBG01000000,0,0,0,0
132571,42.4072107,-71.3824374,16,#505050,405,9N,<0.03,<0.03,0.25/4,<0.03,0.25,,2001,circle,N,Jun-24,ERR069769,CNTM02000001-CNTM02000126,CNTM01000000,0,0,0,0
436915,42.4072107,-71.3824374,16,#505050,66,9N,<0.03,<0.03,0.12/2,<0.03,0.25,,2001,circle,N,36-84,ERR065958,CNPZ02000001-CNPZ02000168,CNPZ01000000,0,0,0,0
GJ6MQ,42.4072107,-71.3824374,16,#505050,66,9N,0.023,0.023,0.19,0.064,,,2007,triangle,E,24-36,ERR129162,COEF02000001-COEF02000152,COEF01000000,0,0,0,0
14YE5,42.4072107,-71.3824374,16,#505050,405,9N,0.023,0.032,0.19,0.094,,,2007,triangle,F,Jun-24,ERR124226,CFJW02000001-CFJW02000135,CFJW01000000,0,0,0,0
34YLE,42.4072107,-71.3824374,16,#505050,3288,NT,0.047,0.064,0.75,1.5,,,2007,triangle,I,36-84,ERR129102,COCP02000001-COCP02000142,COCP01000000,1,1,0,1
R34-3108,42.4072107,-71.3824374,16,#505050,2011,NT,2,1,<=0.25,<=0.06,<=0.50,2,2004,square,G,Jun-24,ERR068009,CNWW02000001-CNWW02000174,CNWW01000000,0,0,0,0
