id,__latitude,__longitude,Sequence Cluster,Sequence Cluster__colour,Sequence Type,Serotype,Benzylpenicillin MIC (ug/mL),Ceftriaxone MIC (ug/mL),Trimethoprim MIC (ug/mL),Erythromycin MIC (ug/mL),Tetracycline MIC (ug/mL),Chloramphenicol MIC (ug/mL),Year of Isolation,Year of Isolation__shape,Community of Isolation,Host Age (months),Sequence Reads Accession,Genome Annotation Accession,samples,tetracycline,tetM
1334,42.4072107,-71.3824374,1,#8F4A4A,585,10A,<0.03,<0.03,0.25/4,<0.03,0.25,,2001,circle,A,Jun-24,ERR069731,CNST02000001-CNST02000153,CNST01000000,0,0
R34-3021,42.4072107,-71.3824374,1,#8F4A4A,585,10A,<=0.03,<=0.25,<=0.25,<=0.06,<=0.50,2,2004,square,I,36-84,ERR065347,CNPI02000001-CNPI02000197,CNPI01000000,0,0
R34-3024,42.4072107,-71.3824374,1,#8F4A4A,585,10A,<=0.03,<=0.25,<=0.25,<=0.06,<=0.50,2,2004,square,I,36-84,ERR065350,CNPE02000001-CNPE02000138,CNPE01000000,0,0
R34-3111,42.4072107,-71.3824374,1,#8F4A4A,816,10A,0.12,<=0.25,<=0.25,<=0.06,<=0.50,<=1.00,2004,square,G,24-36,ERR068012,CNWY02000001-CNWY02000163,CNWY01000000,0,0
R34-3157,42.4072107,-71.3824374,1,#8F4A4A,97,10A,<=0.03,<=0.25,<=0.25,<=0.06,<=0.50,2,2004,square,B,36-84,ERR068048,CNXN02000001-CNXN02000214,CNXN01000000,0,0
R34-3182,42.4072107,-71.3824374,1,#8F4A4A,816,10A,<=0.03,<=0.25,<=0.25,<=0.06,<=0.50,<=1.00,2004,square,B,Jun-24,ERR067981,CFID02000001-CFID02000204,CFID01000000,0,0
R34-3184,42.4072107,-71.3824374,1,#8F4A4A,816,10A,<=0.03,<=0.25,<=0.25,<=0.06,<=0.50,2,2004,square,B,Jun-24,ERR069683,CNQQ02000001-CNQQ02000274,CNQQ01000000,0,0
127530,42.4072107,-71.3824374,1,#8F4A4A,1953,35F,0.06,0.06,0.12/2,<0.03,2,,2001,circle,B,Jun-24,ERR069768,CNTH02000001-CNTH02000239,CNTH01000000,0,0
473937,42.4072107,-71.3824374,1,#8F4A4A,498,35F,<0.03,<0.03,0.12/2,<0.03,0.12,,2001,circle,A,24-36,ERR065968,CNPR02000001-CNPR02000272,CNPR01000000,0,0
R34-3112,42.4072107,-71.3824374,1,#8F4A4A,498,35F,<=0.03,<=0.25,<=0.25,<=0.06,<=0.50,2,2004,square,G,Jun-24,ERR068013,CHBO02000001-CHBO02000188,CHBO01000000,0,0
R34-3118,42.4072107,-71.3824374,1,#8F4A4A,498,35F,<=0.03,<=0.25,<=0.25,<=0.06,<=0.50,2,2004,square,K,36-84,ERR068018,CNWV02000001-CNWV02000141,CNWV01000000,0,0
R34-3120,42.4072107,-71.3824374,1,#8F4A4A,498,35F,<=0.03,<=0.25,<=0.25,<=0.06,<=0.50,2,2004,square,L,Jun-24,ERR068020,CNWL02000001-CNWL02000156,CNWL01000000,0,0
R34-3178,42.4072107,-71.3824374,1,#8F4A4A,498,35F,<=0.03,<=0.25,<=0.25,<=0.06,<=0.50,<=1.00,2004,square,F,Jun-24,ERR067977,CNQJ02000001-CNQJ02000235,CNQJ01000000,0,0
R34-3191,42.4072107,-71.3824374,1,#8F4A4A,498,35F,<=0.03,<=0.25,<=0.25,<=0.06,<=0.50,2,2004,square,C,Jun-24,ERR069690,CNRL02000001-CNRL02000228,CNRL01000000,0,0
R34-3213,42.4072107,-71.3824374,1,#8F4A4A,498,35F,0.06,<=0.25,<=0.25,<=0.06,<=0.50,2,2004,square,B,36-84,ERR069712,CNSB02000001-CNSB02000158,CNSB01000000,0,0
R34-3216,42.4072107,-71.3824374,1,#8F4A4A,498,35F,0.06,<=0.25,<=0.25,<=0.06,<=0.50,2,2004,square,G,Jun-24,ERR069715,CNRO02000001-CNRO02000152,CNRO01000000,0,0
1996,42.4072107,-71.3824374,1,#8F4A4A,1360,6A,<0.03,<0.03,0.25/4,<0.03,0.25,,2001,circle,L,Jun-24,ERR069732,CNSW02000001-CNSW02000164,CNSW01000000,0,0
42397,42.4072107,-71.3824374,1,#8F4A4A,460,6A,0.06,0.06,>4/76,>1,0.12,,2001,circle,J,24-36,ERR069740,CGDZ02000001-CGDZ02000162,CGDZ01000000,0,0
62031,42.4072107,-71.3824374,1,#8F4A4A,460,6A,0.06,<0.03,Apr-76,,0.25,,2001,circle,M,36-84,ERR069746,CNSM02000001-CNSM02000213,CNSM01000000,0,0
89848,42.4072107,-71.3824374,1,#8F4A4A,460,6A,0.06,0.06,>4/76,<0.03,0.25,,2001,circle,M,Jun-24,ERR069755,CNTP02000001-CNTP02000211,CNTP01000000,0,0
118039,42.4072107,-71.3824374,1,#8F4A4A,460,6A,0.06,0.06,>4/76,<0.03,0.25,,2001,circle,K,36-84,ERR069765,CNTJ02000001-CNTJ02000174,CNTJ01000000,0,0
135631,42.4072107,-71.3824374,1,#8F4A4A,460,6A,0.06,<0.03,>4/76,<0.03,0.25,,2001,circle,J,24-36,ERR069770,CNTG02000001-CNTG02000149,CNTG01000000,0,0
299801,42.4072107,-71.3824374,1,#8F4A4A,460,6A,0.06,0.06,>4/76,<0.03,0.12,,2001,circle,E,<6,ERR069812,CNUU02000001-CNUU02000137,CNUU01000000,0,0
336850,42.4072107,-71.3824374,1,#8F4A4A,460,6A,<0.03,0.06,>4/76,<0.03,0.25,,2001,circle,F,36-84,ERR069823,CIDR02000001-CIDR02000147,CIDR01000000,0,0
383739,42.4072107,-71.3824374,1,#8F4A4A,460,6A,<0.03,<0.03,>4/76,<0.03,0.12,,2001,circle,L,Jun-24,ERR069835,CNVJ02000001-CNVJ02000145,CNVJ01000000,0,0
446376,42.4072107,-71.3824374,1,#8F4A4A,460,6A,0.06,0.06,>4/76,<0.03,0.25,,2001,circle,J,36-84,ERR065962,CFLN02000001-CFLN02000324,CFLN01000000,0,0
472699,42.4072107,-71.3824374,1,#8F4A4A,460,6A,0.06,0.06,>4/76,<0.03,0.25,,2001,circle,N,36-84,ERR065967,CNPJ02000001-CNPJ02000188,CNPJ01000000,0,0
R34-3018,42.4072107,-71.3824374,1,#8F4A4A,460,6A,0.06,<=0.25,>2.00,>0.50,<=0.50,2,2004,square,I,Jun-24,ERR065344,CNPA02000001-CNPA02000199,CNPA01000000,0,0
R34-3035,42.4072107,-71.3824374,1,#8F4A4A,460,6A,<=0.03,<=0.25,>2.00,<=0.06,<=0.50,2,2004,square,C,36-84,ERR065292,CNNG02000001-CNNG02000193,CNNG01000000,0,0
R34-3075,42.4072107,-71.3824374,1,#8F4A4A,460,6A,<=0.03,<=0.25,<=0.25,<=0.06,<=0.50,2,2004,square,F,Jun-24,ERR065330,CNOT02000001-CNOT02000144,CNOT01000000,0,0
R34-3166,42.4072107,-71.3824374,1,#8F4A4A,460,6A,<=0.03,<=0.25,<=0.25,<=0.06,<=0.50,2,2004,square,B,36-84,ERR067964,CNQX02000001-CNQX02000142,CNQX01000000,0,0
R34-3220,42.4072107,-71.3824374,1,#8F4A4A,460,6A,0.12,<=0.25,>2.00,<=0.06,<=0.50,2,2004,square,I,24-36,ERR069719,CNRU02000001-CNRU02000142,CNRU01000000,0,0
R34-3222,42.4072107,-71.3824374,1,#8F4A4A,460,6A,0.12,<=0.25,>2.00,<=0.06,<=0.50,2,2004,square,I,36-84,ERR069721,CFQO02000001-CFQO02000146,CFQO01000000,0,0
102720,42.4072107,-71.3824374,2,#FF0000,62,11A,0.06,<0.03,0.25/4,<0.03,0.25,,2001,circle,L,36-84,ERR069760,CNTQ02000001-CNTQ02000113,CNTQ01000000,0,0
242588,42.4072107,-71.3824374,2,#FF0000,62,11A,<0.03,<0.03,0.12/2,<0.03,<0.06,,2001,circle,I,Jun-24,ERR069801,CNUT02000001-CNUT02000118,CNUT01000000,0,0
263137,42.4072107,-71.3824374,2,#FF0000,62,11A,<0.03,<0.03,0.25/4,<0.03,0.25,,2001,circle,C,36-84,ERR069804,CNVC02000001-CNVC02000109,CNVC01000000,0,0
335574,42.4072107,-71.3824374,2,#FF0000,62,11A,<0.03,<0.03,0.25/4,<0.03,0.25,,2001,circle,K,24-36,ERR069822,CNVD02000001-CNVD02000108,CNVD01000000,0,0
386329,42.4072107,-71.3824374,2,#FF0000,1913,11A,<0.03,<0.03,0.25/4,<0.03,0.25,,2001,circle,L,24-36,ERR069837,CNVM02000001-CNVM02000123,CNVM01000000,0,0
389109,42.4072107,-71.3824374,2,#FF0000,62,11A,0.06,<0.03,Feb-38,<0.03,0.25,,2001,circle,O,36-84,ERR069839,CNVL02000001-CNVL02000162,CNVL01000000,0,0
459747,42.4072107,-71.3824374,2,#FF0000,62,11A,<0.03,<0.03,0.5/9.,0.06,0.25,,2001,circle,J,24-36,ERR065964,CNPH02000001-CNPH02000161,CNPH01000000,0,0
R34-3052,42.4072107,-71.3824374,2,#FF0000,62,11A,<=0.03,<=0.25,<=0.25,<=0.06,<=0.50,2,2004,square,G,36-84,ERR065308,CNNY02000001-CNNY02000119,CNNY01000000,0,0
R34-3054,42.4072107,-71.3824374,2,#FF0000,62,11A,<=0.03,<=0.25,<=0.25,<=0.06,<=0.50,2,2004,square,F,<6,ERR065310,CNOA02000001-CNOA02000104,CNOA01000000,0,0
R34-3071,42.4072107,-71.3824374,2,#FF0000,62,11A,<=0.03,<=0.25,<=0.25,<=0.06,<=0.50,2,2004,square,F,Jun-24,ERR065326,CHBF02000001-CHBF02000117,CHBF01000000,0,0
R34-3080,42.4072107,-71.3824374,2,#FF0000,62,11A,<=0.03,<=0.25,<=0.25,<=0.06,<=0.50,4,2004,square,D,36-84,ERR067985,CFRA02000001-CFRA02000116,CFRA01000000,0,0
R34-3081,42.4072107,-71.3824374,2,#FF0000,62,11A,<=0.03,<=0.25,<=0.25,<=0.06,<=0.50,4,2004,square,D,36-84,ERR067986,CNWJ02000001-CNWJ02000115,CNWJ01000000,0,0
R34-3095,42.4072107,-71.3824374,2,#FF0000,62,11A,<=0.03,<=0.25,>2.00,<=0.06,<=0.50,2,2004,square,H,36-84,ERR068000,CNWE02000001-CNWE02000125,CNWE01000000,0,0
R34-3147,42.4072107,-71.3824374,2,#FF0000,1913,11A,<=0.03,<=0.25,<=0.25,<=0.06,<=0.50,2,2004,square,L,24-36,ERR068040,CNXD02000001-CNXD02000109,CNXD01000000,0,0
R34-3149,42.4072107,-71.3824374,2,#FF0000,408,11A,<=0.03,<=0.25,<=0.25,<=0.06,<=0.50,2,2004,square,I,36-84,ERR068041,CNXF02000001-CNXF02000136,CNXF01000000,0,0
R34-3155,42.4072107,-71.3824374,2,#FF0000,62,11A,<=0.03,<=0.25,<=0.25,<=0.06,<=0.50,2,2004,square,N,36-84,ERR068046,CNXL02000001-CNXL02000123,CNXL01000000,0,0
R34-3156,42.4072107,-71.3824374,2,#FF0000,62,11A,<=0.03,<=0.25,<=0.25,<=0.06,<=0.50,2,2004,square,L,36-84,ERR068047,CNXJ02000001-CNXJ02000112,CNXJ01000000,0,0
R34-3170,42.4072107,-71.3824374,2,#FF0000,62,11A,<=0.03,<=0.25,<=0.25,<=0.06,<=0.50,2,2004,square,E,36-84,ERR067968,CNQR02000001-CNQR02000115,CNQR01000000,0,0
R34-3203,42.4072107,-71.3824374,2,#FF0000,62,11A,<=0.03,<=0.25,2,<=0.06,<=0.50,2,2004,square,G,24-36,ERR069702,CNRI02000001-CNRI02000144,CNRI01000000,0,0
R34-3208,42.4072107,-71.3824374,2,#FF0000,62,11A,<=0.03,<=0.25,<=0.25,<=0.06,<=0.50,2,2004,square,D,Jun-24,ERR069707,CNRX02000001-CNRX02000118,CNRX01000000,0,0
R34-3214,42.4072107,-71.3824374,2,#FF0000,62,11A,<=0.03,<=0.25,<=0.25,<=0.06,<=0.50,2,2004,square,G,36-84,ERR069713,CNSC02000001-CNSC02000120,CNSC01000000,0,0
R34-3228,42.4072107,-71.3824374,2,#FF0000,62,11A,0.06,<=0.25,<=0.25,<=0.06,<=0.50,2,2004,square,K,Jun-24,ERR069727,CNRZ02000001-CNRZ02000108,CNRZ01000000,0,0
R34-3036,42.4072107,-71.3824374,3,#327A33,1914,15A,0.25,<=0.25,<=0.25,<=0.06,<=0.50,2,2004,square,J,24-36,ERR065293,CNNQ02000001-CNNQ02000133,CNNQ01000000,0,0
R34-3040,42.4072107,-71.3824374,3,#327A33,63,15A,<=0.03,<=0.25,<=0.25,>0.50,<=0.50,4,2004,square,C,36-84,ERR065297,CNNJ02000001-CNNJ02000132,CNNJ01000000,0,1
R34-3064,42.4072107,-71.3824374,3,#327A33,63,15A,0.12,<=0.25,>2.00,>0.50,>4.00,4,2004,square,P,24-36,ERR065320,CNOI02000001-CNOI02000150,CNOI01000000,1,1
R34-3077,42.4072107,-71.3824374,3,#327A33,63,15A,0.12,<=0.25,1,>0.50,>4.00,4,2004,square,E,Jun-24,ERR065332,CNOR02000001-CNOR02000147,CNOR01000000,1,1
R34-3126,42.4072107,-71.3824374,3,#327A33,63,15A,0.25,<=0.25,2,>0.50,>4.00,4,2004,square,N,36-84,ERR068026,CIDQ02000001-CIDQ02000169,CIDQ01000000,1,1
R34-3130,42.4072107,-71.3824374,3,#327A33,63,15A,0.25,<=0.25,2,>0.50,>4.00,4,2004,square,N,36-84,ERR068028,CHWX02000001-CHWX02000157,CHWX01000000,1,1
R34-3138,42.4072107,-71.3824374,3,#327A33,63,15A,0.25,<=0.25,>2.00,>0.50,>4.00,4,2004,square,P,36-84,ERR068032,CNXP02000001-CNXP02000191,CNXP01000000,1,1
R34-3150,42.4072107,-71.3824374,3,#327A33,1914,15A,0.25,<=0.25,<=0.25,<=0.06,<=0.50,2,2004,square,B,36-84,ERR068042,CNXE02000001-CNXE02000166,CNXE01000000,0,0
R34-3158,42.4072107,-71.3824374,3,#327A33,63,15A,0.25,<=0.25,>2.00,>0.50,>4.00,4,2004,square,A,24-36,ERR068049,CNXM02000001-CNXM02000194,CNXM01000000,1,1
R34-3179,42.4072107,-71.3824374,3,#327A33,1915,15A,0.25,<=0.25,>2.00,>0.50,>4.00,4,2004,square,F,Jun-24,ERR067978,CNQK02000001-CNQK02000173,CNQK01000000,1,1
R34-3225,42.4072107,-71.3824374,3,#327A33,63,15A,0.25,<=0.25,<=0.25,>0.50,>4.00,4,2004,square,K,36-84,ERR069724,CNRS02000001-CNRS02000136,CNRS01000000,1,1
R34-3226,42.4072107,-71.3824374,3,#327A33,63,15A,0.25,<=0.25,<=0.25,>0.50,>4.00,4,2004,square,K,24-36,ERR069725,CHBI02000001-CHBI02000139,CHBI01000000,1,1
R34-3199,42.4072107,-71.3824374,3,#327A33,63,19A,0.25,<=0.25,<=0.25,>0.50,>4.00,4,2004,square,P,<6,ERR069698,CNRG02000001-CNRG02000154,CNRG01000000,1,1
35100,42.4072107,-71.3824374,4,#3B17EB,1901,22F,<0.03,<0.03,0.12/2,<0.03,0.25,,2001,circle,B,24-36,ERR069738,CNSI02000001-CNSI02000135,CNSI01000000,0,0
120581,42.4072107,-71.3824374,4,#3B17EB,433,22F,<0.03,<0.03,0.25/4,<0.03,0.25,,2001,circle,N,24-36,ERR069767,CNTI02000001-CNTI02000163,CNTI01000000,0,0
153408,42.4072107,-71.3824374,4,#3B17EB,433,22F,<0.03,<0.03,<0.06/,<0.03,0.12,,2001,circle,A,36-84,ERR069778,CNUK02000001-CNUK02000130,CNUK01000000,0,0
163286,42.4072107,-71.3824374,4,#3B17EB,433,22F,<0.03,<0.03,0.12/2,<0.03,0.12,,2001,circle,N,36-84,ERR069783,CNUN02000001-CNUN02000129,CNUN01000000,0,0
R34-3012,42.4072107,-71.3824374,4,#3B17EB,1337,22F,0.06,<=0.25,<=0.25,<=0.06,<=0.50,2,2004,square,D,36-84,ERR065338,CNOY02000001-CNOY02000144,CNOY01000000,0,0
R34-3017,42.4072107,-71.3824374,4,#3B17EB,433,22F,0.06,<=0.25,<=0.25,<=0.06,<=0.50,2,2004,square,I,24-36,ERR065343,CNPG02000001-CNPG02000134,CNPG01000000,0,0
R34-3082,42.4072107,-71.3824374,4,#3B17EB,1337,22F,0.06,<=0.25,<=0.25,<=0.06,<=0.50,2,2004,square,D,36-84,ERR067987,CNWI02000001-CNWI02000136,CNWI01000000,0,0
R34-3090,42.4072107,-71.3824374,4,#3B17EB,1337,22F,0.06,<=0.25,<=0.25,<=0.06,<=0.50,2,2004,square,D,24-36,ERR067995,CNVZ02000001-CNVZ02000151,CNVZ01000000,0,0
R34-3091,42.4072107,-71.3824374,4,#3B17EB,433,22F,<=0.03,<=0.25,<=0.25,<=0.06,<=0.50,2,2004,square,D,Jun-24,ERR067996,CNWA02000001-CNWA02000125,CNWA01000000,0,0
R34-3143,42.4072107,-71.3824374,4,#3B17EB,433,22F,0.12,<=0.25,<=0.25,<=0.06,<=0.50,2,2004,square,L,24-36,ERR068037,CNXQ02000001-CNXQ02000130,CNXQ01000000,0,0
R34-3167,42.4072107,-71.3824374,4,#3B17EB,433,22F,0.06,<=0.25,<=0.25,<=0.06,<=0.50,2,2004,square,K,36-84,ERR067965,CFJR02000001-CFJR02000119,CFJR01000000,0,0
R34-3187,42.4072107,-71.3824374,4,#3B17EB,433,22F,<=0.03,<=0.25,<=0.25,<=0.06,<=0.50,2,2004,square,L,Jun-24,ERR069686,CNRN02000001-CNRN02000128,CNRN01000000,0,0
R34-3189,42.4072107,-71.3824374,4,#3B17EB,433,22F,<=0.03,<=0.25,<=0.25,<=0.06,<=0.50,2,2004,square,H,36-84,ERR069688,CNRA02000001-CNRA02000120,CNRA01000000,0,0
R34-3093,42.4072107,-71.3824374,5,#13E8DD,1925,19A,0.25,<=0.25,>2.00,>0.50,<=0.50,2,2004,square,M,24-36,ERR067998,CNWC02000001-CNWC02000171,CNWC01000000,0,0
R34-3215,42.4072107,-71.3824374,5,#13E8DD,1925,19A,0.25,<=0.25,>2.00,>0.50,<=0.50,2,2004,square,G,<6,ERR069714,CNSH02000001-CNSH02000166,CNSH01000000,0,0
234323,42.4072107,-71.3824374,5,#13E8DD,156,9V,4,1,>4/76,<0.03,0.5,,2001,circle,E,Jun-24,ERR069799,CFQE02000001-CFQE02000139,CFQE01000000,0,0
312942,42.4072107,-71.3824374,5,#13E8DD,156,9V,4,2,>4/76,<0.03,0.25,,2001,circle,P,Jun-24,ERR069818,CNVA02000001-CNVA02000142,CNVA01000000,0,0
422264,42.4072107,-71.3824374,5,#13E8DD,156,9V,4,1,>4/76,<0.03,0.25,,2001,circle,G,<6,ERR124320,COAH02000001-COAH02000221,COAH01000000,0,0
R34-3016,42.4072107,-71.3824374,5,#13E8DD,156,9V,2,1,>2.00,<=0.06,<=0.50,2,2004,square,I,36-84,ERR065342,CHWT02000001-CHWT02000142,CHWT01000000,0,0
R34-3045,42.4072107,-71.3824374,5,#13E8DD,156,9V,1,1,>2.00,<=0.06,<=0.50,2,2004,square,F,36-84,ERR065301,CNNT02000001-CNNT02000129,CNNT01000000,0,0
R34-3047,42.4072107,-71.3824374,6,#E329CD,338,23A,0.12,<=0.25,<=0.25,<=0.06,<=0.50,2,2004,square,O,36-84,ERR065303,CFQX02000001-CFQX02000142,CFQX01000000,0,0
R34-3123,42.4072107,-71.3824374,6,#E329CD,338,23A,0.12,<=0.25,<=0.25,<=0.06,<=0.50,2,2004,square,G,24-36,ERR068023,CFRD02000001-CFRD02000128,CFRD01000000,0,0
R34-3209,42.4072107,-71.3824374,6,#E329CD,338,23A,0.12,<=0.25,<=0.25,<=0.06,<=0.50,2,2004,square,L,Jun-24,ERR069708,CFQF02000001-CFQF02000139,CFQF01000000,0,0
R34-3136,42.4072107,-71.3824374,6,#E329CD,342,23F,0.12,<=0.25,0.5,>0.50,>4.00,2,2004,square,C,Jun-24,ERR068030,CNXK02000001-CNXK02000135,CNXK01000000,1,1
153438,42.4072107,-71.3824374,6,#E329CD,1827,6B,0.06,<0.03,0.25/4,<0.03,0.25,,2001,circle,A,36-84,ERR069779,CNUE02000001-CNUE02000178,CNUE01000000,0,0
174702,42.4072107,-71.3824374,6,#E329CD,639,6B,<0.03,<0.03,0.12/2,<0.03,0.25,,2001,circle,C,Jun-24,ERR069786,CNTT02000001-CNTT02000182,CNTT01000000,0,0
481643,42.4072107,-71.3824374,6,#E329CD,138,6B,<0.03,<0.03,0.25/4,<0.03,0.25,,2001,circle,L,Jun-24,ERR065969,CFQD02000001-CFQD02000221,CFQD01000000,0,0
487827,42.4072107,-71.3824374,6,#E329CD,138,6B,<0.03,<0.03,0.25/4,<0.03,0.25,,2001,circle,E,Jun-24,ERR065971,CNPS02000001-CNPS02000180,CNPS01000000,0,0
R34-3186,42.4072107,-71.3824374,6,#E329CD,138,6B,<=0.03,<=0.25,<=0.25,<=0.06,<=0.50,2,2004,square,L,36-84,ERR069685,CNRF02000001-CNRF02000174,CNRF01000000,0,0
R34-3194,42.4072107,-71.3824374,6,#E329CD,SLV176,6B,<=0.03,<=0.25,<=0.25,<=0.06,<=0.50,2,2004,square,C,36-84,ERR069693,CNRE02000001-CNRE02000165,CNRE01000000,0,0
R34-3163,42.4072107,-71.3824374,7,#F5F522,191,7F,<=0.03,<=0.25,<=0.25,<=0.06,<=0.50,<=1.00,2004,square,I,36-84,ERR067961,CNQM02000001-CNQM02000161,CNQM01000000,0,0
R34-3219,42.4072107,-71.3824374,7,#F5F522,191,7F,0.06,<=0.25,<=0.25,<=0.06,<=0.50,2,2004,square,G,36-84,ERR069718,CNRQ02000001-CNRQ02000159,CNRQ01000000,0,0
72782,42.4072107,-71.3824374,8,#B0EDA8,199,15B/C,<0.03,<0.03,0.12/2,<0.03,0.12,,2001,circle,O,Jun-24,ERR069751,CNSY02000001-CNSY02000137,CNSY01000000,0,0
103453,42.4072107,-71.3824374,8,#B0EDA8,1938,15B/C,0.06,<0.03,>4/76,0.5,>8,,2001,circle,F,36-84,ERR069761,CNSX02000001-CNSX02000168,CNSX01000000,1,1
146066,42.4072107,-71.3824374,8,#B0EDA8,199,15B/C,<0.03,<0.03,0.12/2,<0.03,0.25,,2001,circle,C,Jun-24,ERR069774,CNTK02000001-CNTK02000166,CNTK01000000,0,0
217475,42.4072107,-71.3824374,8,#B0EDA8,199,15B/C,<0.03,<0.03,0.12/2,<0.03,0.25,,2001,circle,P,36-84,ERR069795,CHIP02000001-CHIP02000177,CHIP01000000,0,0
365152,42.4072107,-71.3824374,8,#B0EDA8,199,15B/C,<0.03,<0.03,0.25/4,<0.03,0.12,,2001,circle,O,36-84,ERR069829,CNVU02000001-CNVU02000166,CNVU01000000,0,0
372297,42.4072107,-71.3824374,8,#B0EDA8,199,15B/C,<0.03,<0.03,0.12/2,<0.03,0.12,,2001,circle,A,Jun-24,ERR069833,CFLQ02000001-CFLQ02000144,CFLQ01000000,0,0
483391,42.4072107,-71.3824374,8,#B0EDA8,199,15B/C,<0.03,<0.03,0.12/2,<0.03,0.25,,2001,circle,O,36-84,ERR065970,CNPQ02000001-CNPQ02000152,CNPQ01000000,0,0
492706,42.4072107,-71.3824374,8,#B0EDA8,199,15B/C,<0.03,<0.03,0.12/2,<0.03,0.12,,2001,circle,P,<6,ERR065972,CNPW02000001-CNPW02000175,CNPW01000000,0,0
509365,42.4072107,-71.3824374,8,#B0EDA8,199,15B/C,0.06,<0.03,0.25/4,<0.03,0.25,,2001,circle,E,Jun-24,ERR065975,CNPV02000001-CNPV02000205,CNPV01000000,0,0
R34-3011,42.4072107,-71.3824374,8,#B0EDA8,199,15B/C,0.06,<=0.25,<=0.25,>0.50,<=0.50,<=1.00,2004,square,D,Jun-24,ERR065337,CFJQ02000001-CFJQ02000179,CFJQ01000000,0,0
R34-3014,42.4072107,-71.3824374,8,#B0EDA8,199,15B/C,0.06,<=0.25,<=0.25,>0.50,<=0.50,2,2004,square,D,24-36,ERR065340,CNPP02000001-CNPP02000150,CNPP01000000,0,0
R34-3030,42.4072107,-71.3824374,8,#B0EDA8,199,15B/C,<=0.03,<=0.25,<=0.25,<=0.06,<=0.50,<=1.00,2004,square,C,36-84,ERR065287,CNNI02000001-CNNI02000162,CNNI01000000,0,0
R34-3031,42.4072107,-71.3824374,8,#B0EDA8,199,15B/C,<=0.03,<=0.25,>2.00,<=0.06,<=0.50,2,2004,square,C,36-84,ERR065288,CNNP02000001-CNNP02000165,CNNP01000000,0,0
R34-3034,42.4072107,-71.3824374,8,#B0EDA8,199,15B/C,0.06,<=0.25,<=0.25,<=0.06,<=0.50,2,2004,square,J,24-36,ERR065291,CNNH02000001-CNNH02000177,CNNH01000000,0,0
R34-3140,42.4072107,-71.3824374,8,#B0EDA8,199,15B/C,0.06,<=0.25,1,<=0.06,<=0.50,2,2004,square,L,Jun-24,ERR068034,CFJX02000001-CFJX02000182,CFJX01000000,0,0
R34-3144,42.4072107,-71.3824374,8,#B0EDA8,199,15B/C,<=0.03,<=0.25,<=0.25,>0.50,<=0.50,2,2004,square,C,Jun-24,ERR068038,CNXB02000001-CNXB02000150,CNXB01000000,0,0
R34-3153,42.4072107,-71.3824374,8,#B0EDA8,199,15B/C,<=0.03,<=0.25,<=0.25,<=0.06,<=0.50,2,2004,square,N,24-36,ERR068044,CNXI02000001-CNXI02000162,CNXI01000000,0,0
R34-3154,42.4072107,-71.3824374,8,#B0EDA8,199,15B/C,<=0.03,<=0.25,<=0.25,<=0.06,<=0.50,2,2004,square,I,24-36,ERR068045,CNXH02000001-CNXH02000167,CNXH01000000,0,0
R34-3159,42.4072107,-71.3824374,8,#B0EDA8,1932,15B/C,<=0.03,<=0.25,<=0.25,0.12,<=0.50,2,2004,square,L,Jun-24,ERR068050,CNXO02000001-CNXO02000286,CNXO01000000,0,0
R34-3160,42.4072107,-71.3824374,8,#B0EDA8,199,15B/C,<=0.03,<=0.25,<=0.25,<=0.06,<=0.50,2,2004,square,L,36-84,ERR067960,CNQB02000001-CNQB02000159,CNQB01000000,0,0
R34-3175,42.4072107,-71.3824374,8,#B0EDA8,199,15B/C,<=0.03,<=0.25,<=0.25,<=0.06,<=0.50,2,2004,square,K,36-84,ERR067974,CNQF02000001-CNQF02000189,CNQF01000000,0,0
R34-3188,42.4072107,-71.3824374,8,#B0EDA8,199,15B/C,0.06,<=0.25,<=0.25,<=0.06,<=0.50,<=1.00,2004,square,F,Jun-24,ERR069687,CNRM02000001-CNRM02000152,CNRM01000000,0,0
R34-3192,42.4072107,-71.3824374,8,#B0EDA8,199,15B/C,0.06,<=0.25,<=0.25,<=0.06,<=0.50,2,2004,square,B,Jun-24,ERR069691,CNRK02000001-CNRK02000163,CNRK01000000,0,0
R34-3205,42.4072107,-71.3824374,8,#B0EDA8,199,15B/C,<=0.03,<=0.25,<=0.25,<=0.06,<=0.50,2,2004,square,J,Jun-24,ERR069704,CNQU02000001-CNQU02000156,CNQU01000000,0,0
R34-3206,42.4072107,-71.3824374,8,#B0EDA8,199,15B/C,0.06,<=0.25,<=0.25,<=0.06,<=0.50,2,2004,square,J,24-36,ERR069705,CNRB02000001-CNRB02000157,CNRB01000000,0,0
R34-3212,42.4072107,-71.3824374,8,#B0EDA8,199,15B/C,0.06,<=0.25,<=0.25,<=0.06,<=0.50,2,2004,square,L,36-84,ERR069711,CHBJ02000001-CHBJ02000159,CHBJ01000000,0,0
R34-3063,42.4072107,-71.3824374,8,#B0EDA8,199,15B/C,<=0.03,<=0.25,<=0.25,<=0.06,<=0.50,2,2004,square,G,Jun-24,ERR065319,CNOK02000001-CNOK02000182,CNOK01000000,0,0
80104,42.4072107,-71.3824374,8,#B0EDA8,199,19A,0.12,0.06,>4/76,<0.03,0.25,,2001,circle,N,Jun-24,ERR069753,CNTC02000001-CNTC02000175,CNTC01000000,0,0
135771,42.4072107,-71.3824374,8,#B0EDA8,199,19A,0.12,<0.03,0.25/4,<0.03,0.25,,2001,circle,K,Jun-24,ERR069771,CNTN02000001-CNTN02000165,CNTN01000000,0,0
148056,42.4072107,-71.3824374,8,#B0EDA8,1936,19A,4,2,>4/76,0.06,0.25,,2001,circle,N,36-84,ERR069776,CNTZ02000001-CNTZ02000166,CNTZ01000000,0,0
160449,42.4072107,-71.3824374,8,#B0EDA8,199,19A,0.12,0.06,0.25/4,<0.03,0.25,,2001,circle,K,36-84,ERR069781,CNUG02000001-CNUG02000149,CNUG01000000,0,0
210162,42.4072107,-71.3824374,8,#B0EDA8,1936,19A,2,1,>4/76,<0.03,0.12,,2001,circle,J,24-36,ERR069794,CNUD02000001-CNUD02000187,CNUD01000000,0,0
218186,42.4072107,-71.3824374,8,#B0EDA8,199,19A,0.12,<0.03,0.12/2,<0.03,0.12,,2001,circle,O,Jun-24,ERR069796,CNUH02000001-CNUH02000160,CNUH01000000,0,0
266035,42.4072107,-71.3824374,8,#B0EDA8,199,19A,0.12,<0.03,0.12/2,<0.03,0.12,,2001,circle,P,36-84,ERR069805,CIDV02000001-CIDV02000165,CIDV01000000,0,0
312034,42.4072107,-71.3824374,8,#B0EDA8,199,19A,0.12,0.06,Jan-19,>1,0.12,,2001,circle,I,Jun-24,ERR069817,CNUS02000001-CNUS02000152,CNUS01000000,0,0
R34-3049,42.4072107,-71.3824374,8,#B0EDA8,667,19A,<=0.03,<=0.25,<=0.25,<=0.06,<=0.50,2,2004,square,J,Jun-24,ERR065305,CNNU02000001-CNNU02000159,CNNU01000000,0,0
R34-3061,42.4072107,-71.3824374,8,#B0EDA8,667,19A,<=0.03,<=0.25,<=0.25,<=0.06,<=0.50,2,2004,square,G,24-36,ERR065317,CFQR02000001-CFQR02000182,CFQR01000000,0,0
R34-3068,42.4072107,-71.3824374,8,#B0EDA8,199,19A,0.12,<=0.25,<=0.25,<=0.06,<=0.50,2,2004,square,F,36-84,ERR065323,CNON02000001-CNON02000156,CNON01000000,0,0
R34-3073,42.4072107,-71.3824374,8,#B0EDA8,199,19A,0.06,<=0.25,<=0.25,<=0.06,<=0.50,2,2004,square,F,Jun-24,ERR065328,CNOP02000001-CNOP02000173,CNOP01000000,0,0
R34-3079,42.4072107,-71.3824374,8,#B0EDA8,199,19A,0.25,<=0.25,<=0.25,<=0.06,<=0.50,<=1.00,2004,square,D,Jun-24,ERR067984,CNWD02000001-CNWD02000161,CNWD01000000,0,0
R34-3103,42.4072107,-71.3824374,8,#B0EDA8,199,19A,<=0.03,<=0.25,1,<=0.06,<=0.50,2,2004,square,H,Jun-24,ERR068008,CNWS02000001-CNWS02000207,CNWS01000000,0,0
R34-3110,42.4072107,-71.3824374,8,#B0EDA8,1935,19A,<=0.03,<=0.25,<=0.25,<=0.06,<=0.50,2,2004,square,G,Jun-24,ERR068011,CHWW02000001-CHWW02000157,CHWW01000000,0,0
R34-3116,42.4072107,-71.3824374,8,#B0EDA8,199,19A,<=0.03,<=0.25,<=0.25,<=0.06,<=0.50,2,2004,square,L,Jun-24,ERR068017,CIIL02000001-CIIL02000166,CIIL01000000,0,0
R34-3124,42.4072107,-71.3824374,8,#B0EDA8,199,19A,0.06,<=0.25,<=0.25,<=0.06,<=0.50,2,2004,square,G,Jun-24,ERR068024,CNWM02000001-CNWM02000171,CNWM01000000,0,0
R34-3185,42.4072107,-71.3824374,8,#B0EDA8,199,19A,0.12,<=0.25,<=0.25,<=0.06,<=0.50,<=1.00,2004,square,L,24-36,ERR069684,CNQV02000001-CNQV02000177,CNQV01000000,0,0
R34-3197,42.4072107,-71.3824374,8,#B0EDA8,199,19A,0.12,<=0.25,<=0.25,<=0.06,<=0.50,2,2004,square,B,36-84,ERR069696,CNRD02000001-CNRD02000164,CNRD01000000,0,0
R34-3218,42.4072107,-71.3824374,8,#B0EDA8,199,19A,0.12,<=0.25,<=0.25,<=0.06,<=0.50,2,2004,square,B,36-84,ERR069717,CIDX02000001-CIDX02000166,CIDX01000000,0,0
95344,42.4072107,-71.3824374,8,#B0EDA8,199,7C,<0.03,<0.03,0.12/2,<0.03,0.12,,2001,circle,B,Jun-24,ERR069758,CHXD02000001-CHXD02000176,CHXD01000000,0,0
276430,42.4072107,-71.3824374,9,#A5C4D9,SLV42,18C,<0.03,<0.03,<0.06/,<0.03,<0.06,,2001,circle,I,36-84,ERR069807,CNUF02000001-CNUF02000133,CNUF01000000,0,0
154389,42.4072107,-71.3824374,9,#A5C4D9,436,23A,<0.03,<0.03,0.12/2,<0.03,0.25,,2001,circle,N,Jun-24,ERR069780,CIIJ02000001-CIIJ02000130,CIIJ01000000,0,0
354557,42.4072107,-71.3824374,9,#A5C4D9,436,23A,<0.03,<0.03,0.12/2,0.06,0.25,,2001,circle,N,36-84,ERR069826,CNVQ02000001-CNVQ02000141,CNVQ01000000,0,0
R34-3050,42.4072107,-71.3824374,9,#A5C4D9,SLV1949,23A,<=0.03,<=0.25,<=0.25,<=0.06,<=0.50,<=1.00,2004,square,J,36-84,ERR065306,CNNW02000001-CNNW02000134,CNNW01000000,0,0
R34-3051,42.4072107,-71.3824374,9,#A5C4D9,438,23A,<=0.03,<=0.25,<=0.25,<=0.06,<=0.50,<=1.00,2004,square,G,Jun-24,ERR065307,CNNX02000001-CNNX02000132,CNNX01000000,0,0
R34-3055,42.4072107,-71.3824374,9,#A5C4D9,1839,23A,<=0.03,<=0.25,<=0.25,<=0.06,<=0.50,<=1.00,2004,square,F,Jun-24,ERR065311,CNOB02000001-CNOB02000116,CNOB01000000,0,0
R34-3057,42.4072107,-71.3824374,9,#A5C4D9,438,23A,<=0.03,<=0.25,<=0.25,<=0.06,<=0.50,<=1.00,2004,square,G,Jun-24,ERR065313,CNOC02000001-CNOC02000132,CNOC01000000,0,0
R34-3067,42.4072107,-71.3824374,9,#A5C4D9,1839,23A,1,<=0.25,>2.00,<=0.06,<=0.50,<=1.00,2004,square,F,24-36,ERR065322,CNOM02000001-CNOM02000120,CNOM01000000,0,0
R34-3127,42.4072107,-71.3824374,9,#A5C4D9,1839,23A,<=0.03,<=0.25,<=0.25,<=0.06,<=0.50,<=1.00,2004,square,G,36-84,ERR068027,CNWX02000001-CNWX02000135,CNWX01000000,0,0
R34-3174,42.4072107,-71.3824374,9,#A5C4D9,1839,23A,<=0.03,<=0.25,<=0.25,<=0.06,<=0.50,<=1.00,2004,square,M,36-84,ERR067973,CNQG02000001-CNQG02000122,CNQG01000000,0,0
R34-3177,42.4072107,-71.3824374,9,#A5C4D9,42,23A,<=0.03,<=0.25,<=0.25,<=0.06,<=0.50,<=1.00,2004,square,F,Jun-24,ERR067976,CNQI02000001-CNQI02000133,CNQI01000000,0,0
248734,42.4072107,-71.3824374,9,#A5C4D9,439,23B,<0.03,<0.03,0.25/4,<0.03,0.25,,2001,circle,D,Jun-24,ERR069802,CNUZ02000001-CNUZ02000132,CNUZ01000000,0,0
R34-3019,42.4072107,-71.3824374,9,#A5C4D9,439,23B,<=0.03,<=0.25,<=0.25,<=0.06,<=0.50,2,2004,square,I,36-84,ERR065345,CNPB02000001-CNPB02000176,CNPB01000000,0,0
R34-3020,42.4072107,-71.3824374,9,#A5C4D9,439,23B,<=0.03,<=0.25,<=0.25,<=0.06,<=0.50,2,2004,square,I,36-84,ERR065346,CNOS02000001-CNOS02000156,CNOS01000000,0,0
R34-3022,42.4072107,-71.3824374,9,#A5C4D9,1847,23B,<=0.03,<=0.25,<=0.25,<=0.06,<=0.50,2,2004,square,I,36-84,ERR065348,CNOU02000001-CNOU02000171,CNOU01000000,0,0
R34-3114,42.4072107,-71.3824374,9,#A5C4D9,439,23B,<=0.03,<=0.25,<=0.25,<=0.06,<=0.50,2,2004,square,L,36-84,ERR068015,CIKP02000001-CIKP02000140,CIKP01000000,0,0
R34-3169,42.4072107,-71.3824374,9,#A5C4D9,439,23B,<=0.03,<=0.25,<=0.25,<=0.06,<=0.50,2,2004,square,L,36-84,ERR067967,CHBH02000001-CHBH02000154,CHBH01000000,0,0
R34-3195,42.4072107,-71.3824374,9,#A5C4D9,439,23B,<=0.03,<=0.25,<=0.25,>0.50,<=0.50,2,2004,square,C,24-36,ERR069694,CNRC02000001-CNRC02000153,CNRC01000000,0,0
49470,42.4072107,-71.3824374,9,#A5C4D9,629,23F,0.06,0.12,Jan-19,<0.03,0.25,,2001,circle,M,24-36,ERR069743,CNSG02000001-CNSG02000138,CNSG01000000,0,0
151684,42.4072107,-71.3824374,9,#A5C4D9,33,23F,<0.03,<0.03,Jan-19,>1,0.25,,2001,circle,L,36-84,ERR069777,CNUI02000001-CNUI02000134,CNUI01000000,0,0
203692,42.4072107,-71.3824374,9,#A5C4D9,36,23F,<0.03,<0.03,,<0.03,0.12,,2001,circle,O,24-36,ERR069790,CNTX02000001-CNTX02000130,CNTX01000000,0,0
239434,42.4072107,-71.3824374,9,#A5C4D9,36,23F,<0.03,<0.03,0.12/2,<0.03,<0.06,,2001,circle,B,36-84,ERR069800,CFLL02000001-CFLL02000125,CFLL01000000,0,0
365502,42.4072107,-71.3824374,9,#A5C4D9,439,23F,>4,>2,0.25/4,<0.03,0.25,,2001,circle,J,Jun-24,ERR069830,CHBM02000001-CHBM02000160,CHBM01000000,0,0
427937,42.4072107,-71.3824374,9,#A5C4D9,627,23F,>4,>2,>4/76,,0.12,,2001,circle,E,24-36,ERR065955,CNPX02000001-CNPX02000151,CNPX01000000,0,0
462956,42.4072107,-71.3824374,9,#A5C4D9,36,23F,0.12,0.06,Apr-76,<0.03,0.12,,2001,circle,H,36-84,ERR065966,CNPO02000001-CNPO02000210,CNPO01000000,0,0
R34-3013,42.4072107,-71.3824374,9,#A5C4D9,1908,23F,1,0.5,>2.00,<=0.06,<=0.50,<=1.00,2004,square,D,36-84,ERR065339,CNOW02000001-CNOW02000132,CNOW01000000,0,0
R34-3029,42.4072107,-71.3824374,9,#A5C4D9,36,23F,<=0.03,<=0.25,<=0.25,<=0.06,<=0.50,2,2004,square,C,36-84,ERR065355,CNOZ02000001-CNOZ02000109,CNOZ01000000,0,0
R34-3076,42.4072107,-71.3824374,9,#A5C4D9,36,23F,<=0.03,<=0.25,<=0.25,<=0.06,<=0.50,2,2004,square,F,24-36,ERR065331,CNOQ02000001-CNOQ02000102,CNOQ01000000,0,0
R34-3181,42.4072107,-71.3824374,9,#A5C4D9,1909,23F,<=0.03,<=0.25,>2.00,<=0.06,<=0.50,2,2004,square,H,36-84,ERR067980,CNQP02000001-CNQP02000144,CNQP01000000,0,0
93209,42.4072107,-71.3824374,10,#FA8500,1379,6C,<0.03,<0.03,0.25/4,<0.03,0.25,,2001,circle,J,36-84,ERR069757,CNTL02000001-CNTL02000120,CNTL01000000,0,0
119571,42.4072107,-71.3824374,10,#FA8500,1390,6C,<0.03,<0.03,0.25/4,<0.03,0.25,,2001,circle,I,36-84,ERR069766,CNTA02000001-CNTA02000137,CNTA01000000,0,0
291880,42.4072107,-71.3824374,10,#FA8500,1390,6C,<0.03,<0.03,0.25/4,<0.03,0.25,,2001,circle,K,36-84,ERR069811,CNUO02000001-CNUO02000165,CNUO01000000,0,0
R34-3041,42.4072107,-71.3824374,10,#FA8500,1390,6C,<=0.03,<=0.25,2,<=0.06,<=0.50,2,2004,square,J,36-84,ERR065298,CNNM02000001-CNNM02000151,CNNM01000000,0,0
R34-3060,42.4072107,-71.3824374,10,#FA8500,1379,6C,<=0.03,<=0.25,<=0.25,<=0.06,<=0.50,2,2004,square,G,<6,ERR065316,CNOF02000001-CNOF02000144,CNOF01000000,0,0
R34-3072,42.4072107,-71.3824374,10,#FA8500,1390,6C,<=0.03,<=0.25,<=0.25,<=0.06,<=0.50,2,2004,square,F,36-84,ERR065327,CNOO02000001-CNOO02000138,CNOO01000000,0,0
R34-3089,42.4072107,-71.3824374,10,#FA8500,1390,6C,<=0.03,<=0.25,<=0.25,<=0.06,<=0.50,2,2004,square,M,36-84,ERR067994,CNVY02000001-CNVY02000202,CNVY01000000,0,0
R34-3092,42.4072107,-71.3824374,10,#FA8500,1390,6C,<=0.03,<=0.25,1,<=0.06,<=0.50,2,2004,square,D,Jun-24,ERR067997,CNWB02000001-CNWB02000152,CNWB01000000,0,0
R34-3125,42.4072107,-71.3824374,10,#FA8500,1390,6C,<=0.03,<=0.25,2,<=0.06,<=0.50,2,2004,square,G,Jun-24,ERR068025,CNWP02000001-CNWP02000180,CNWP01000000,0,0
R34-3053,42.4072107,-71.3824374,10,#FA8500,1379,NT,<=0.03,<=0.25,<=0.25,>0.50,<=0.50,4,2004,square,P,Jun-24,ERR065309,CNNZ02000001-CNNZ02000133,CNNZ01000000,0,0
7649,42.4072107,-71.3824374,11,#B89C7D,558,35B,2,0.5,0.25/4,>1,0.25,,2001,circle,J,36-84,ERR069733,CNSZ02000001-CNSZ02000102,CNSZ01000000,0,0
67094,42.4072107,-71.3824374,11,#B89C7D,558,35B,2,1,0.25/4,<0.03,0.25,,2001,circle,F,Jun-24,ERR069749,CNSL02000001-CNSL02000116,CNSL01000000,0,0
379678,42.4072107,-71.3824374,11,#B89C7D,558,35B,4,1,>4/76,,0.5,,2001,circle,K,36-84,ERR069834,CNUX02000001-CNUX02000158,CNUX01000000,0,0
R34-3025,42.4072107,-71.3824374,11,#B89C7D,558,35B,1,0.5,0.5,<=0.06,<=0.50,2,2004,square,M,Jun-24,ERR065351,CNPL02000001-CNPL02000147,CNPL01000000,0,0
R34-3044,42.4072107,-71.3824374,11,#B89C7D,558,35B,1,1,<=0.25,<=0.06,<=0.50,2,2004,square,F,24-36,ERR065300,CNNL02000001-CNNL02000120,CNNL01000000,0,0
R34-3069,42.4072107,-71.3824374,11,#B89C7D,558,35B,0.06,0.5,>2.00,<=0.06,<=0.50,2,2004,square,F,Jun-24,ERR065324,CNOL02000001-CNOL02000127,CNOL01000000,0,0
R34-3074,42.4072107,-71.3824374,11,#B89C7D,558,35B,0.06,0.5,<=0.25,<=0.06,<=0.50,2,2004,square,F,Jun-24,ERR065329,CNOV02000001-CNOV02000167,CNOV01000000,0,0
R34-3083,42.4072107,-71.3824374,11,#B89C7D,558,35B,2,1,<=0.25,<=0.06,<=0.50,2,2004,square,D,36-84,ERR067988,CNWN02000001-CNWN02000132,CNWN01000000,0,0
R34-3087,42.4072107,-71.3824374,11,#B89C7D,558,35B,1,0.5,<=0.25,<=0.06,<=0.50,2,2004,square,M,36-84,ERR067992,CNVX02000001-CNVX02000118,CNVX01000000,0,0
R34-3097,42.4072107,-71.3824374,11,#B89C7D,558,35B,2,0.5,<=0.25,<=0.06,<=0.50,2,2004,square,H,36-84,ERR068002,CNWG02000001-CNWG02000226,CNWG01000000,0,0
R34-3119,42.4072107,-71.3824374,11,#B89C7D,558,35B,1,0.5,2,<=0.06,<=0.50,2,2004,square,L,Jun-24,ERR068019,CNWT02000001-CNWT02000111,CNWT01000000,0,0
R34-3131,42.4072107,-71.3824374,11,#B89C7D,558,35B,2,1,<=0.25,<=0.06,<=0.50,2,2004,square,G,Jun-24,ERR068029,CNXA02000001-CNXA02000127,CNXA01000000,0,0
R34-3139,42.4072107,-71.3824374,11,#B89C7D,558,35B,2,1,<=0.25,<=0.06,<=0.50,2,2004,square,L,36-84,ERR068033,CNXR02000001-CNXR02000163,CNXR01000000,0,0
R34-3164,42.4072107,-71.3824374,11,#B89C7D,1947,35B,2,1,<=0.25,<=0.06,<=0.50,2,2004,square,B,<6,ERR067962,CNQO02000001-CNQO02000143,CNQO01000000,0,0
R34-3165,42.4072107,-71.3824374,11,#B89C7D,558,35B,2,1,<=0.25,>0.50,<=0.50,2,2004,square,B,<6,ERR067963,CNQN02000001-CNQN02000116,CNQN01000000,0,0
R34-3172,42.4072107,-71.3824374,11,#B89C7D,3632,35B,2,1,<=0.25,>0.50,>4.00,2,2004,square,E,Jun-24,ERR067970,CNQC02000001-CNQC02000182,CNQC01000000,1,1
R34-3204,42.4072107,-71.3824374,11,#B89C7D,558,35B,2,1,<=0.25,<=0.06,<=0.50,2,2004,square,L,36-84,ERR069703,CNQS02000001-CNQS02000159,CNQS01000000,0,0
R34-3227,42.4072107,-71.3824374,11,#B89C7D,558,35B,2,1,<=0.25,<=0.06,<=0.50,2,2004,square,M,<6,ERR069726,CNRW02000001-CNRW02000170,CNRW01000000,0,0
R34-3229,42.4072107,-71.3824374,11,#B89C7D,558,35B,2,1,<=0.25,<=0.06,<=0.50,2,2004,square,M,Jun-24,ERR069728,CNRY02000001-CNRY02000138,CNRY01000000,0,0
403790,42.4072107,-71.3824374,12,#DEAFDC,1054,NT,<0.03,<0.03,0.5/9.,1,0.12,,2001,circle,P,36-84,ERR069841,CNVO02000001-CNVO02000197,CNVO01000000,0,0
462746,42.4072107,-71.3824374,12,#DEAFDC,448,NT,<0.03,<0.03,0.12/2,>1,0.25,,2001,circle,E,36-84,ERR065965,CNPK02000001-CNPK02000180,CNPK01000000,0,0
508907,42.4072107,-71.3824374,12,#DEAFDC,448,NT,<0.03,<0.03,0.25/4,<0.03,0.25,,2001,circle,O,24-36,ERR065974,CNPU02000001-CNPU02000205,CNPU01000000,0,0
R34-3015,42.4072107,-71.3824374,12,#DEAFDC,448,NT,<=0.03,<=0.25,<=0.25,<=0.06,<=0.50,2,2004,square,D,Jun-24,ERR065341,CNPF02000001-CNPF02000171,CNPF01000000,0,0
R34-3032,42.4072107,-71.3824374,12,#DEAFDC,448,NT,<=0.03,<=0.25,<=0.25,<=0.06,<=0.50,2,2004,square,C,36-84,ERR065289,CFQL02000001-CFQL02000166,CFQL01000000,0,0
R34-3039,42.4072107,-71.3824374,12,#DEAFDC,448,NT,0.12,<=0.25,<=0.25,<=0.06,<=0.50,2,2004,square,C,36-84,ERR065296,CNNO02000001-CNNO02000165,CNNO01000000,0,0
15445,42.4072107,-71.3824374,13,#9E2E9A,1876,6A,0.5,0.25,0.25/4,>1,0.25,,2001,circle,A,36-84,ERR069734,CNTB02000001-CNTB02000210,CNTB01000000,0,0
42861,42.4072107,-71.3824374,13,#9E2E9A,SLV1911,6A,0.12,0.06,0.25/4,<0.03,0.5,,2001,circle,P,36-84,ERR069741,CNSE02000001-CNSE02000269,CNSE01000000,0,0
101058,42.4072107,-71.3824374,13,#9E2E9A,690,6A,0.06,0.06,0.12/2,<0.03,0.25,,2001,circle,K,36-84,ERR069759,CHBL02000001-CHBL02000162,CHBL01000000,0,0
166637,42.4072107,-71.3824374,13,#9E2E9A,473,6A,0.5,0.25,0.25/4,>1,0.5,,2001,circle,E,Jun-24,ERR069784,CNTU02000001-CNTU02000140,CNTU01000000,0,0
181272,42.4072107,-71.3824374,13,#9E2E9A,1876,6A,0.5,0.25,0.25/4,>1,0.5,,2001,circle,K,Jun-24,ERR069788,CNTW02000001-CNTW02000159,CNTW01000000,0,0
359370,42.4072107,-71.3824374,13,#9E2E9A,1876,6A,0.5,0.25,0.25/4,>1,0.25,,2001,circle,L,36-84,ERR069827,CNVT02000001-CNVT02000171,CNVT01000000,0,0
420881,42.4072107,-71.3824374,13,#9E2E9A,1940,6A,0.25,0.25,0.25/4,>1,0.25,,2001,circle,L,36-84,ERR065953,CIDS02000001-CIDS02000271,CIDS01000000,0,0
R34-3027,42.4072107,-71.3824374,13,#9E2E9A,473,6A,0.12,<=0.25,<=0.25,>0.50,>4.00,2,2004,square,M,36-84,ERR065353,CNPD02000001-CNPD02000178,CNPD01000000,1,0
R34-3096,42.4072107,-71.3824374,13,#9E2E9A,1928,6A,0.25,<=0.25,<=0.25,>0.50,<=0.50,2,2004,square,H,Jun-24,ERR068001,CNWF02000001-CNWF02000192,CNWF01000000,0,0
R34-3099,42.4072107,-71.3824374,13,#9E2E9A,1927,6A,0.25,<=0.25,<=0.25,>0.50,<=0.50,2,2004,square,H,Jun-24,ERR068004,CFIP02000001-CFIP02000154,CFIP01000000,0,0
R34-3151,42.4072107,-71.3824374,13,#9E2E9A,1876,6A,0.25,<=0.25,<=0.25,>0.50,<=0.50,2,2004,square,B,Jun-24,ERR068043,CNXG02000001-CNXG02000253,CNXG01000000,0,0
R34-3180,42.4072107,-71.3824374,13,#9E2E9A,690,6A,0.12,<=0.25,<=0.25,<=0.06,<=0.50,2,2004,square,H,36-84,ERR067979,CNQL02000001-CNQL02000260,CNQL01000000,0,0
R34-3210,42.4072107,-71.3824374,13,#9E2E9A,1876,6A,0.5,<=0.25,<=0.25,>0.50,<=0.50,2,2004,square,L,Jun-24,ERR069709,CHIO02000001-CHIO02000157,CHIO01000000,0,0
R34-3211,42.4072107,-71.3824374,13,#9E2E9A,1876,6A,0.25,<=0.25,<=0.25,>0.50,<=0.50,2,2004,square,L,Jun-24,ERR069710,CNSA02000001-CNSA02000196,CNSA01000000,0,0
R34-3100,42.4072107,-71.3824374,13,#9E2E9A,690,6B,0.12,<=0.25,<=0.25,<=0.06,<=0.50,2,2004,square,H,Jun-24,ERR068005,CHWV02000001-CHWV02000159,CHWV01000000,0,0
51715,42.4072107,-71.3824374,14,#F59AC3,376,6A,4,1,>4/76,>1,0.25,,2001,circle,P,Jun-24,ERR069744,CNSO02000001-CNSO02000158,CNSO01000000,0,0
65435,42.4072107,-71.3824374,14,#F59AC3,376,6A,4,0.25,>4/76,>1,0.25,,2001,circle,O,Jun-24,ERR069747,CNSN02000001-CNSN02000162,CNSN01000000,0,0
108480,42.4072107,-71.3824374,14,#F59AC3,376,6A,2,0.25,>4/76,>1,0.25,,2001,circle,L,Jun-24,ERR069763,CNSR02000001-CNSR02000161,CNSR01000000,0,0
179743,42.4072107,-71.3824374,14,#F59AC3,376,6A,2,0.5,>4/76,>1,0.25,,2001,circle,L,Jun-24,ERR069787,CNTV02000001-CNTV02000163,CNTV01000000,0,0
342672,42.4072107,-71.3824374,14,#F59AC3,1922,6A,1,0.25,Apr-76,<0.03,0.12,,2001,circle,G,Jun-24,ERR069825,CNVS02000001-CNVS02000175,CNVS01000000,0,0
448643,42.4072107,-71.3824374,14,#F59AC3,376,6A,2,0.5,>4/76,>1,0.25,,2001,circle,P,36-84,ERR065963,CNPN02000001-CNPN02000186,CNPN01000000,0,0
R34-3168,42.4072107,-71.3824374,14,#F59AC3,376,6A,2,0.5,>2.00,>0.50,<=0.50,2,2004,square,K,Jun-24,ERR067966,CNQT02000001-CNQT02000231,CNQT01000000,0,0
R34-3171,42.4072107,-71.3824374,14,#F59AC3,376,6A,1,0.5,>2.00,>0.50,<=0.50,2,2004,square,K,24-36,ERR067969,CNQE02000001-CNQE02000256,CNQE01000000,0,0
R34-3201,42.4072107,-71.3824374,14,#F59AC3,1921,6A,4,2,>2.00,>0.50,<=0.50,2,2004,square,G,Jun-24,ERR069700,CNQW02000001-CNQW02000360,CNQW01000000,0,0
R34-3221,42.4072107,-71.3824374,15,#9DA674,320,19A,>4.00,>2.00,>2.00,>0.50,>4.00,2,2004,square,I,36-84,ERR069720,CNRR02000001-CNRR02000170,CNRR01000000,1,1
105542,42.4072107,-71.3824374,15,#9DA674,1945,19F,2,1,>4/76,<0.03,0.12,,2001,circle,P,36-84,ERR069762,CFQW02000001-CFQW02000161,CFQW01000000,0,1
208866,42.4072107,-71.3824374,15,#9DA674,236,19F,2,0.5,>4/76,0.25,>8,,2001,circle,C,Jun-24,ERR069791,CNUA02000001-CNUA02000163,CNUA01000000,1,1
209930,42.4072107,-71.3824374,15,#9DA674,236,19F,2,1,>4/76,>1,>8,,2001,circle,C,24-36,ERR069793,CNUB02000001-CNUB02000179,CNUB01000000,1,1
404463,42.4072107,-71.3824374,15,#9DA674,236,19F,4,1,>4/76,>1,>8,,2001,circle,C,24-36,ERR069842,CHBN02000001-CHBN02000173,CHBN01000000,1,1
416185,42.4072107,-71.3824374,15,#9DA674,320,19F,4,2,>4/76,>1,>8,,2001,circle,E,Jun-24,ERR069843,CNVP02000001-CNVP02000227,CNVP01000000,1,1
503574,42.4072107,-71.3824374,15,#9DA674,320,19F,>4,2,>4/76,>1,>8,,2001,circle,L,Jun-24,ERR065973,CNPT02000001-CNPT02000162,CNPT01000000,1,1
R34-3058,42.4072107,-71.3824374,15,#9DA674,236,19F,2,0.5,>2.00,>0.50,>4.00,2,2004,square,G,Jun-24,ERR065314,CNOD02000001-CNOD02000172,CNOD01000000,1,1
R34-3085,42.4072107,-71.3824374,15,#9DA674,271,19F,4,>2.00,>2.00,>0.50,>4.00,2,2004,square,M,36-84,ERR067990,CHBQ02000001-CHBQ02000269,CHBQ01000000,1,1
R34-3094,42.4072107,-71.3824374,15,#9DA674,236,19F,2,1,1,>0.50,>4.00,2,2004,square,H,Jun-24,ERR067999,CHBR02000001-CHBR02000162,CHBR01000000,1,1
R34-3098,42.4072107,-71.3824374,15,#9DA674,1941,19F,1,<=0.25,>2.00,>0.50,>4.00,2,2004,square,H,Jun-24,ERR068003,CNWH02000001-CNWH02000166,CNWH01000000,1,1
R34-3141,42.4072107,-71.3824374,15,#9DA674,271,19F,4,1,>2.00,>0.50,>4.00,2,2004,square,L,24-36,ERR068035,CNXS02000001-CNXS02000299,CNXS01000000,1,1
R34-3142,42.4072107,-71.3824374,15,#9DA674,271,19F,4,1,>2.00,>0.50,>4.00,4,2004,square,L,Jun-24,ERR068036,CFRK02000001-CFRK02000305,CFRK01000000,1,1
R34-3200,42.4072107,-71.3824374,15,#9DA674,236,19F,2,1,1,>0.50,>4.00,2,2004,square,B,Jun-24,ERR069699,CHBG02000001-CHBG02000149,CHBG01000000,1,1
R34-3207,42.4072107,-71.3824374,15,#9DA674,1943,19F,2,1,0.5,>0.50,>4.00,2,2004,square,J,Jun-24,ERR069706,CHWU02000001-CHWU02000166,CHWU01000000,1,1
65645,42.4072107,-71.3824374,16,#505050,180,3,<0.03,<0.03,0.25/4,<0.03,0.12,,2001,circle,A,36-84,ERR069748,CNSP02000001-CNSP02000120,CNSP01000000,0,0
72511,42.4072107,-71.3824374,16,#505050,180,3,<0.03,<0.03,<0.06/,<0.03,0.25,,2001,circle,I,36-84,ERR069750,CNSV02000001-CNSV02000124,CNSV01000000,0,0
369820,42.4072107,-71.3824374,16,#505050,180,3,<0.03,<0.03,0.12/2,0.06,0.5,,2001,circle,F,24-36,ERR069832,CNVG02000001-CNVG02000119,CNVG01000000,0,0
R34-3078,42.4072107,-71.3824374,16,#505050,180,3,<=0.03,<=0.25,<=0.25,<=0.06,<=0.50,<=1.00,2004,square,D,Jun-24,ERR067983,CNVW02000001-CNVW02000124,CNVW01000000,0,0
R34-3084,42.4072107,-71.3824374,16,#505050,180,3,<=0.03,<=0.25,<=0.25,<=0.06,<=0.50,<=1.00,2004,square,M,24-36,ERR067989,CFLM02000001-CFLM02000251,CFLM01000000,0,0
R34-3101,42.4072107,-71.3824374,16,#505050,180,3,<=0.03,<=0.25,<=0.25,<=0.06,<=0.50,<=1.00,2004,square,I,Jun-24,ERR068006,CNWU02000001-CNWU02000122,CNWU01000000,0,0
R34-3190,42.4072107,-71.3824374,16,#505050,180,3,<=0.03,<=0.25,<=0.25,<=0.06,<=0.50,2,2004,square,F,36-84,ERR069689,CNRJ02000001-CNRJ02000110,CNRJ01000000,0,0
R34-3202,42.4072107,-71.3824374,16,#505050,180,3,<=0.03,<=0.25,<=0.25,<=0.06,<=0.50,<=1.00,2004,square,L,Jun-24,ERR069701,CNRH02000001-CNRH02000134,CNRH01000000,0,0
R34-3217,42.4072107,-71.3824374,16,#505050,180,3,<=0.03,<=0.25,<=0.25,<=0.06,<=0.50,<=1.00,2004,square,G,24-36,ERR069716,CNRP02000001-CNRP02000117,CNRP01000000,0,0
142534,42.4072107,-71.3824374,16,#505050,124,14,<0.03,<0.03,0.25/4,<0.03,0.25,,2001,circle,E,36-84,ERR069772,CNTO02000001-CNTO02000185,CNTO01000000,0,0
268660,42.4072107,-71.3824374,16,#505050,124,14,<0.03,<0.03,0.25/4,0.06,0.25,,2001,circle,E,36-84,ERR069806,CNVB02000001-CNVB02000174,CNVB01000000,0,0
306435,42.4072107,-71.3824374,16,#505050,124,14,<0.03,<0.03,0.25/4,<0.03,0.12,,2001,circle,L,36-84,ERR069816,CNUV02000001-CNUV02000182,CNUV01000000,0,0
341365,42.4072107,-71.3824374,16,#505050,124,14,<0.03,<0.03,0.25/4,<0.03,0.25,,2001,circle,D,<6,ERR069824,CNVR02000001-CNVR02000197,CNVR01000000,0,0
430772,42.4072107,-71.3824374,16,#505050,124,14,<0.03,<0.03,0.25/4,<0.03,0.25,,2001,circle,P,36-84,ERR065956,CIIR02000001-CIIR02000188,CIIR01000000,0,0
R34-3230,42.4072107,-71.3824374,16,#505050,124,14,0.06,<=0.25,<=0.25,<=0.06,<=0.50,2,2004,square,I,Jun-24,ERR069729,CNSD02000001-CNSD02000182,CNSD01000000,0,0
R34-3231,42.4072107,-71.3824374,16,#505050,124,14,0.06,<=0.25,<=0.25,<=0.06,<=0.50,2,2004,square,I,24-36,ERR069730,CNSU02000001-CNSU02000184,CNSU01000000,0,0
R34-3033,42.4072107,-71.3824374,16,#505050,568,31,<=0.03,<=0.25,<=0.25,<=0.06,<=0.50,2,2004,square,J,Jun-24,ERR065290,CNNK02000001-CNNK02000130,CNNK01000000,0,0
438180,42.4072107,-71.3824374,16,#505050,547,34,<0.03,<0.03,0.12/2,<0.03,0.25,,2001,circle,G,24-36,ERR065959,CNQA02000001-CNQA02000194,CNQA01000000,0,0
R34-3048,42.4072107,-71.3824374,16,#505050,547,34,<=0.03,<=0.25,<=0.25,<=0.06,<=0.50,2,2004,square,O,Jun-24,ERR065304,CNNV02000001-CNNV02000142,CNNV01000000,0,0
R34-3115,42.4072107,-71.3824374,16,#505050,547,34,<=0.03,<=0.25,<=0.25,<=0.06,<=0.50,2,2004,square,L,24-36,ERR068016,CNWK02000001-CNWK02000142,CNWK01000000,0,0
R34-3176,42.4072107,-71.3824374,16,#505050,1902,34,<=0.03,<=0.25,<=0.25,<=0.06,<=0.50,2,2004,square,M,24-36,ERR067975,CNQH02000001-CNQH02000237,CNQH01000000,0,0
304793,42.4072107,-71.3824374,16,#505050,447,37,<0.03,<0.03,0.12/2,<0.03,0.25,,2001,circle,J,36-84,ERR069815,CNUY02000001-CNUY02000166,CNUY01000000,0,0
147587,42.4072107,-71.3824374,16,#505050,393,38,0.06,<0.03,0.25/4,<0.03,0.25,,2001,circle,F,Jun-24,ERR069775,CNTR02000001-CNTR02000264,CNTR01000000,0,0
R34-3046,42.4072107,-71.3824374,16,#505050,393,38,<=0.03,<=0.25,<=0.25,<=0.06,<=0.50,<=1.00,2004,square,F,Jun-24,ERR065302,CNNN02000001-CNNN02000235,CNNN01000000,0,0
R34-3065,42.4072107,-71.3824374,16,#505050,393,38,0.25,<=0.25,<=0.25,<=0.06,<=0.50,2,2004,square,G,24-36,ERR065321,CNOJ02000001-CNOJ02000199,CNOJ01000000,0,0
R34-3146,42.4072107,-71.3824374,16,#505050,393,38,<=0.03,<=0.25,<=0.25,<=0.06,<=0.50,2,2004,square,C,Jun-24,ERR068039,CNXC02000001-CNXC02000195,CNXC01000000,0,0
277394,42.4072107,-71.3824374,16,#505050,SLV1934,11A,0.06,<0.03,0.25/4,<0.03,>8,,2001,circle,D,24-36,ERR069808,CNUQ02000001-CNUQ02000206,CNUQ01000000,1,1
333793,42.4072107,-71.3824374,16,#505050,817,15A,<0.03,<0.03,0.12/2,<0.03,0.25,,2001,circle,E,Jun-24,ERR069820,CNUP02000001-CNUP02000141,CNUP01000000,0,0
R34-3062,42.4072107,-71.3824374,16,#505050,659,16F,0.06,<=0.25,<=0.25,<=0.06,<=0.50,<=1.00,2004,square,P,36-84,ERR065318,CNOH02000001-CNOH02000180,CNOH01000000,0,0
R34-3056,42.4072107,-71.3824374,16,#505050,1924,17F,<=0.03,<=0.25,<=0.25,<=0.06,<=0.50,<=1.00,2004,square,G,<6,ERR065312,CNOE02000001-CNOE02000138,CNOE01000000,0,0
40241,42.4072107,-71.3824374,16,#505050,1923,18C,<0.03,<0.03,0.5/9.,<0.03,0.25,,2001,circle,A,Jun-24,ERR069739,CNSF02000001-CNSF02000205,CNSF01000000,0,0
303656,42.4072107,-71.3824374,16,#505050,496,18C,<0.03,<0.03,0.25/4,<0.03,0.12,,2001,circle,J,24-36,ERR069814,CHBK02000001-CHBK02000135,CHBK01000000,0,0
R34-3059,42.4072107,-71.3824374,16,#505050,1073,18C,<=0.03,<=0.25,<=0.25,<=0.06,<=0.50,<=1.00,2004,square,G,36-84,ERR065315,CNOG02000001-CNOG02000176,CNOG01000000,0,0
R34-3102,42.4072107,-71.3824374,16,#505050,496,18C,0.12,<=0.25,>2.00,>0.50,<=0.50,2,2004,square,H,36-84,ERR068007,CNWR02000001-CNWR02000142,CNWR01000000,0,0
R34-3196,42.4072107,-71.3824374,16,#505050,113,18C,<=0.03,<=0.25,0.5,<=0.06,<=0.50,<=1.00,2004,square,C,Jun-24,ERR069695,CHWS02000001-CHWS02000185,CHWS01000000,0,0
R34-3037,42.4072107,-71.3824374,16,#505050,1944,19A,2,2,0.5,>0.50,<=0.50,2,2004,square,J,Jun-24,ERR065294,CNNS02000001-CNNS02000203,CNNS01000000,0,1
R34-3183,42.4072107,-71.3824374,16,#505050,276,19A,2,0.5,1,>0.50,>4.00,2,2004,square,B,24-36,ERR067982,CFQP02000001-CFQP02000130,CFQP01000000,1,1
27999,42.4072107,-71.3824374,16,#505050,1340,19F,0.06,<0.03,0.12/2,<0.03,0.12,,2001,circle,E,36-84,ERR069737,CNSS02000001-CNSS02000273,CNSS01000000,0,0
209464,42.4072107,-71.3824374,16,#505050,425,19F,<0.03,<0.03,0.25/4,<0.03,0.25,,2001,circle,P,36-84,ERR069792,CNTY02000001-CNTY02000196,CNTY01000000,0,0
284968,42.4072107,-71.3824374,16,#505050,425,19F,0.06,<0.03,0.25/4,<0.03,0.25,,2001,circle,N,24-36,ERR069810,CNUL02000001-CNUL02000174,CNUL01000000,0,0
439699,42.4072107,-71.3824374,16,#505050,654,19F,<0.03,<0.03,0.25/4,<0.03,0.25,,2001,circle,O,Jun-24,ERR065960,CFQS02000001-CFQS02000201,CFQS01000000,0,0
R34-3028,42.4072107,-71.3824374,16,#505050,425,19F,<=0.03,<=0.25,<=0.25,<=0.06,<=0.50,2,2004,square,I,36-84,ERR065354,CNOX02000001-CNOX02000178,CNOX01000000,0,0
R34-3043,42.4072107,-71.3824374,16,#505050,654,19F,<=0.03,<=0.25,<=0.25,<=0.06,<=0.50,2,2004,square,F,36-84,ERR065299,CNNR02000001-CNNR02000179,CNNR01000000,0,0
R34-3070,42.4072107,-71.3824374,16,#505050,654,19F,2,<=0.25,<=0.25,<=0.06,<=0.50,2,2004,square,F,36-84,ERR065325,CHIN02000001-CHIN02000226,CHIN01000000,0,0
R34-3113,42.4072107,-71.3824374,16,#505050,43,19F,<=0.03,<=0.25,<=0.25,<=0.06,<=0.50,2,2004,square,L,24-36,ERR068014,CNWZ02000001-CNWZ02000181,CNWZ01000000,0,0
R34-3137,42.4072107,-71.3824374,16,#505050,425,19F,>4.00,<=0.25,<=0.25,<=0.06,<=0.50,<=1.00,2004,square,P,Jun-24,ERR068031,CFIQ02000001-CFIQ02000190,CFIQ01000000,0,0
R34-3193,42.4072107,-71.3824374,16,#505050,1903,19F,<=0.03,<=0.25,<=0.25,<=0.06,<=0.50,2,2004,square,C,24-36,ERR069692,CNQY02000001-CNQY02000181,CNQY01000000,0,0
R34-3198,42.4072107,-71.3824374,16,#505050,425,19F,<=0.03,<=0.25,<=0.25,<=0.06,<=0.50,2,2004,square,P,36-84,ERR069697,CNQZ02000001-CNQZ02000187,CNQZ01000000,0,0
R34-3224,42.4072107,-71.3824374,16,#505050,425,19F,0.06,<=0.25,<=0.25,<=0.06,<=0.50,2,2004,square,P,24-36,ERR069723,CNRV02000001-CNRV02000167,CNRV01000000,0,0
44744,42.4072107,-71.3824374,16,#505050,242,23F,2,0.25,0.12/2,>1,>8,,2001,circle,H,Jun-24,ERR069742,CNSJ02000001-CNSJ02000175,CNSJ01000000,1,1
173015,42.4072107,-71.3824374,16,#505050,81,23F,4,2,Apr-76,1,>8,,2001,circle,K,Jun-24,ERR069785,CNTS02000001-CNTS02000162,CNTS01000000,1,1
218229,42.4072107,-71.3824374,16,#505050,81,23F,>4,2,>4/76,>1,>8,,2001,circle,K,Jun-24,ERR069797,CNUC02000001-CNUC02000187,CNUC01000000,1,1
334847,42.4072107,-71.3824374,16,#505050,81,23F,>4,>2,>4/76,>1,>8,,2001,circle,P,Jun-24,ERR069821,CNVF02000001-CNVF02000177,CNVF01000000,1,1
144370,42.4072107,-71.3824374,16,#505050,393,38,<0.03,<0.03,0.25/4,<0.03,0.25,,2001,circle,F,36-84,ERR069773,CNTF02000001-CNTF02000231,CNTF01000000,0,0
187406,42.4072107,-71.3824374,16,#505050,100,33F,<0.03,<0.03,0.12/2,<0.03,0.25,,2001,circle,O,36-84,ERR069789,CIEE02000001-CIEE02000122,CIEE01000000,0,0
R34-3121,42.4072107,-71.3824374,16,#505050,100,33F,<=0.03,<=0.25,<=0.25,<=0.06,<=0.50,2,2004,square,G,36-84,ERR068021,CNWQ02000001-CNWQ02000125,CNWQ01000000,0,0
R34-3173,42.4072107,-71.3824374,16,#505050,100,33F,<=0.03,<=0.25,1,<=0.06,<=0.50,2,2004,square,E,24-36,ERR067972,CNQD02000001-CNQD02000128,CNQD01000000,0,0
R34-3023,42.4072107,-71.3824374,16,#505050,452,35B,<=0.03,<=0.25,<=0.25,<=0.06,<=0.50,2,2004,square,I,36-84,ERR065349,CNPM02000001-CNPM02000184,CNPM01000000,0,0
R34-3122,42.4072107,-71.3824374,16,#505050,452,35B,<=0.03,<=0.25,<=0.25,<=0.06,<=0.50,2,2004,square,G,Jun-24,ERR068022,CVKI02000001-CVKI02000195,CVKI01000000,0,0
R34-3223,42.4072107,-71.3824374,16,#505050,452,35B,<=0.03,<=0.25,<=0.25,<=0.06,<=0.50,2,2004,square,I,36-84,ERR069722,CNRT02000001-CNRT02000180,CNRT01000000,0,0
110093,42.4072107,-71.3824374,16,#505050,1939,6A,<0.03,<0.03,0.25/4,<0.03,0.25,,2001,circle,K,Jun-24,ERR069764,CNSQ02000001-CNSQ02000259,CNSQ01000000,0,0
R34-3026,42.4072107,-71.3824374,16,#505050,242,6A,1,1,0.5,>0.50,>4.00,2,2004,square,I,24-36,ERR065352,CNPC02000001-CNPC02000252,CNPC01000000,1,1
18044,42.4072107,-71.3824374,16,#505050,1518,6B,4,1,Feb-38,>1,0.5,,2001,circle,F,<6,ERR069735,CNTD02000001-CNTD02000174,CNTD01000000,0,0
160986,42.4072107,-71.3824374,16,#505050,1536,6B,2,>2,>4/76,0.06,1,,2001,circle,F,Jun-24,ERR069782,CNUM02000001-CNUM02000168,CNUM01000000,0,0
302649,42.4072107,-71.3824374,16,#505050,146,6B,<0.03,<0.03,Feb-38,>1,0.5,,2001,circle,J,36-84,ERR069813,CNUW02000001-CNUW02000187,CNUW01000000,0,0
323485,42.4072107,-71.3824374,16,#505050,146,6B,<0.03,<0.03,0.25/4,<0.03,0.5,,2001,circle,P,36-84,ERR069819,CFQU02000001-CFQU02000215,CFQU01000000,0,0
388483,42.4072107,-71.3824374,16,#505050,146,6B,0.25,0.5,>4/76,>1,0.25,,2001,circle,H,36-84,ERR069838,CNVK02000001-CNVK02000216,CNVK01000000,0,0
397079,42.4072107,-71.3824374,16,#505050,315,6B,0.25,0.06,0.5/9.,>1,>8,,2001,circle,J,36-84,ERR069840,CNVN02000001-CNVN02000192,CNVN01000000,1,1
436154,42.4072107,-71.3824374,16,#505050,1954,6B,1,0.5,0.25/4,<0.03,0.12,,2001,circle,P,Jun-24,ERR065957,CNPY02000001-CNPY02000261,CNPY01000000,0,1
R34-3038,42.4072107,-71.3824374,16,#505050,1930,6B,<=0.03,<=0.25,>2.00,<=0.06,<=0.50,2,2004,square,J,Jun-24,ERR065295,CHBE02000001-CHBE02000186,CHBE01000000,0,0
R34-3086,42.4072107,-71.3824374,16,#505050,547,6C,<=0.03,<=0.25,<=0.25,<=0.06,<=0.50,2,2004,square,M,Jun-24,ERR067991,CNWO02000001-CNWO02000172,CNWO01000000,0,0
132571,42.4072107,-71.3824374,16,#505050,405,9N,<0.03,<0.03,0.25/4,<0.03,0.25,,2001,circle,N,Jun-24,ERR069769,CNTM02000001-CNTM02000126,CNTM01000000,0,0
436915,42.4072107,-71.3824374,16,#505050,66,9N,<0.03,<0.03,0.12/2,<0.03,0.25,,2001,circle,N,36-84,ERR065958,CNPZ02000001-CNPZ02000168,CNPZ01000000,0,0
R34-3108,42.4072107,-71.3824374,16,#505050,2011,NT,2,1,<=0.25,<=0.06,<=0.50,2,2004,square,G,Jun-24,ERR068009,CNWW02000001-CNWW02000174,CNWW01000000,0,0
